Elapsed time,192.168.46.11 Memory unit=mb:used,192.168.46.12 Memory unit=mb:used,192.168.46.13 Memory unit=mb:used
18:07:31.0,,4743.238,4729.824
18:07:32.0,4771.437,,
18:07:33.0,4771.542,4743.632,4729.824
18:07:34.0,4771.574,4743.988,4730.824
18:07:35.0,4771.785,4743.988,4731.218
18:07:36.0,4771.785,4743.988,4731.218
18:07:37.0,4771.777,4744.109,4731.218
18:07:38.0,4771.656,4744.312,4731.218
18:07:39.0,4772.265,4744.554,4731.703
18:07:40.0,4795.402,4756.222,4753.207
18:07:41.0,4807.605,4775.355,4763.804
18:07:42.0,4816.382,4784.218,4771.257
18:07:43.0,4823.792,4795.082,4779.226
18:07:44.0,4832.089,4803.417,4787.16
18:07:45.0,4837.71,4812.359,4794.894
18:07:46.0,4841.554,4819.328,4802.214
18:07:47.0,4849.949,4826.511,4809.691
18:07:48.0,4853.535,4832.55,4815.687
18:07:49.0,4862.996,4839.101,4821.949
18:07:50.0,4868.113,4844.062,4830.66
18:07:51.0,4874.062,4852.105,4835.796
18:07:52.0,4880.097,4857.429,4841.324
18:07:53.0,4887.218,4863.429,4847.539
18:07:54.0,4893.324,4869.835,4853.718
18:07:55.0,4899.679,4876.253,4859.281
18:07:56.0,4907.261,4882.675,4866.675
18:07:57.0,4914.66,4889.226,4872.355
18:07:58.0,4920.55,4895.972,4880.289
18:07:59.0,4926.636,4902.398,4886.207
18:08:00.0,4933.394,4908.777,4893.257
18:08:01.0,4939.542,4914.441,4901.378
18:08:02.0,4945.558,4921.625,4906.683
18:08:03.0,4952.277,4928.132,4913.972
18:08:04.0,4958.832,4934.585,4920.429
18:08:05.0,4965.066,4940.968,4927.41
18:08:06.0,4971.039,4947.382,4934.71
18:08:07.0,4977.171,4953.929,4940.914
18:08:08.0,4983.789,4960.574,4946.917
18:08:09.0,4989.394,4967.585,4954.539
18:08:10.0,4996.593,4974.031,4960.675
18:08:11.0,5002.484,4979.886,4966.343
18:08:12.0,5008.605,4986.562,4973.191
18:08:13.0,5028.746,4993.898,4981.968
18:08:14.0,5040.507,5011.355,4997.015
18:08:15.0,5046.757,5022.105,5009.859
18:08:16.0,5052.847,5030.796,5017.863
18:08:17.0,5059.292,5038.281,5024.492
18:08:18.0,5065.527,5044.523,5030.695
18:08:19.0,5092.546,5054.925,5053.152
18:08:20.0,5099.382,5079.035,5064.519
18:08:21.0,5105.687,5089.277,5070.347
18:08:22.0,5111.937,5095.777,5077.019
18:08:23.0,5117.996,5101.878,5082.605
18:08:24.0,5124.203,5107.902,5089.976
18:08:25.0,5141.816,5114.32,5098.289
18:08:26.0,5161.121,5145.0,5126.601
18:08:27.0,5167.218,5151.441,5132.695
18:08:28.0,5173.644,5157.718,5138.589
18:08:29.0,5180.257,5164.117,5144.402
18:08:30.0,5185.953,5170.847,5151.378
18:08:31.0,5192.898,5176.484,5156.972
18:08:32.0,5198.859,5182.679,5163.132
18:08:33.0,5223.21,5191.289,5183.89
18:08:34.0,5237.05,5221.105,5201.542
18:08:35.0,5243.167,5227.64,5207.128
18:08:36.0,5249.218,5233.757,5214.289
18:08:37.0,5254.855,5239.449,5220.601
18:08:38.0,5261.66,5246.308,5225.875
18:08:39.0,5268.187,5252.746,5232.957
18:08:40.0,5274.558,5258.449,5239.417
18:08:41.0,5288.222,5265.14,5248.14
18:08:42.0,5317.292,5300.519,5278.796
18:08:43.0,5323.921,5307.73,5288.699
18:08:44.0,5329.929,5314.046,5295.691
18:08:45.0,5335.863,5321.179,5301.781
18:08:46.0,5348.601,5333.429,5314.761
18:08:47.0,5355.148,5339.546,5321.277
18:08:48.0,5361.101,5346.074,5326.726
18:08:49.0,5363.015,5352.679,5328.484
18:08:50.0,5369.25,5355.582,5334.566
18:08:51.0,5403.187,5387.382,5367.335
18:08:52.0,5251.246,5233.273,5376.035
18:08:53.0,5257.031,5239.441,5220.972
18:08:54.0,5258.328,5245.457,5226.101
18:08:55.0,5264.531,5251.656,5232.769
18:08:56.0,5269.976,5257.718,5238.687
18:08:57.0,5276.25,5264.136,5245.011
18:08:58.0,5282.207,5269.503,5251.207
18:08:59.0,5288.531,5276.48,5256.914
18:09:00.0,5294.812,5283.285,5263.433
18:09:01.0,5325.914,5305.21,5290.238
18:09:02.0,5305.339,5296.566,5276.14
18:09:03.0,5311.656,5302.042,5280.894
18:09:04.0,5318.316,5307.734,5287.414
18:09:05.0,5324.878,5313.753,5293.656
18:09:06.0,5330.433,5320.042,5300.015
18:09:07.0,5336.757,5326.687,5305.871
18:09:08.0,5343.55,5332.351,5312.441
18:09:09.0,5349.582,5338.417,5318.746
18:09:10.0,5356.214,5345.21,5324.617
18:09:11.0,5358.152,5374.48,5358.546
18:09:12.0,5363.773,5353.417,5333.023
18:09:13.0,5370.199,5359.441,5338.816
18:09:14.0,5375.992,5365.64,5344.714
18:09:15.0,5382.234,5371.265,5350.824
18:09:16.0,5388.414,5377.777,5358.339
18:09:17.0,5394.25,5383.66,5364.32
18:09:18.0,5400.769,5390.128,5369.562
18:09:19.0,5406.992,5396.23,5376.621
18:09:20.0,5443.257,5425.281,5409.437
18:09:21.0,5418.011,5407.921,5387.679
18:09:22.0,5424.371,5413.523,5393.843
18:09:23.0,5430.917,5419.914,5399.964
18:09:24.0,5437.039,5426.507,5405.929
18:09:25.0,5442.773,5433.128,5411.496
18:09:26.0,5448.707,5439.375,5418.71
18:09:27.0,5455.136,5445.476,5424.664
18:09:28.0,5461.882,5452.179,5430.82
18:09:29.0,5467.949,5457.828,5437.21
18:09:30.0,5436.304,5486.097,5468.476
18:09:31.0,5441.507,5432.078,5410.73
18:09:32.0,5447.628,5437.679,5416.589
18:09:33.0,5453.343,5443.785,5423.175
18:09:34.0,5459.695,5449.214,5428.871
18:09:35.0,5466.359,5456.468,5435.539
18:09:36.0,5472.503,5462.148,5441.679
18:09:37.0,5479.64,5468.921,5448.203
18:09:38.0,5506.808,5482.992,5475.062
18:09:39.0,5453.511,5443.441,5422.425
18:09:40.0,5459.894,5449.445,5428.496
18:09:41.0,5466.027,5455.789,5434.664
18:09:42.0,5471.914,5461.777,5440.687
18:09:43.0,5477.843,5467.984,5446.73
18:09:44.0,5484.05,5474.644,5453.136
18:09:45.0,5490.558,5480.07,5459.32
18:09:46.0,5509.894,5485.996,5476.562
18:09:47.0,5533.828,5524.21,5502.835
18:09:48.0,5540.476,5529.867,5509.109
18:09:49.0,5546.546,5536.332,5515.398
18:09:50.0,5552.648,5542.07,5521.785
18:09:51.0,5558.906,5548.375,5527.511
18:09:52.0,5564.996,5555.953,5534.562
18:09:53.0,5571.718,5562.355,5541.25
18:09:54.0,5577.648,5568.835,5547.546
18:09:55.0,5583.621,5574.855,5554.031
18:09:56.0,5487.089,5605.41,5585.546
18:09:57.0,5493.351,5484.175,5464.519
18:09:58.0,5499.527,5490.433,5469.703
18:09:59.0,5505.578,5495.324,5475.371
18:10:00.0,5511.074,5502.312,5482.328
18:10:01.0,5517.656,5508.226,5488.16
18:10:02.0,5523.546,5514.652,5494.015
18:10:03.0,5529.429,5520.992,5500.207
18:10:04.0,5535.781,5527.339,5505.992
18:10:05.0,5565.32,5545.453,5535.554
18:10:06.0,5577.636,5569.449,5547.308
18:10:07.0,5583.761,5575.148,5554.027
18:10:08.0,5590.316,5582.05,5559.316
18:10:09.0,5596.261,5588.144,5566.66
18:10:10.0,5602.777,5593.875,5572.007
18:10:11.0,5608.703,5599.832,5578.949
18:10:12.0,5615.062,5606.128,5585.23
18:10:13.0,5621.281,5613.382,5591.605
18:10:14.0,5627.585,5619.125,5603.367
18:10:15.0,5664.562,5652.207,5635.5
18:10:16.0,5670.8,5662.695,5641.308
18:10:17.0,5677.289,5668.636,5647.484
18:10:18.0,5683.453,5675.187,5653.832
18:10:19.0,5690.16,5681.171,5660.265
18:10:20.0,5696.082,5688.035,5666.527
18:10:21.0,5702.742,5693.523,5672.605
18:10:22.0,5708.457,5700.16,5680.066
18:10:23.0,5714.875,5706.406,5686.765
18:10:24.0,5721.539,5712.73,5699.371
18:10:25.0,5721.128,5743.718,5725.417
18:10:26.0,5726.378,5718.332,5731.343
18:10:27.0,5732.773,5724.687,5737.117
18:10:28.0,5739.289,5730.492,5743.976
18:10:29.0,5745.359,5737.296,5750.644
18:10:30.0,5751.265,5743.074,5756.343
18:10:31.0,5757.8,5748.695,5762.609
18:10:32.0,5764.128,5755.289,5769.781
18:10:33.0,5797.382,5788.199,5802.414
18:10:34.0,5812.386,5804.414,5813.218
18:10:35.0,5834.167,5818.636,5822.402
18:10:36.0,5859.289,5833.363,5837.652
18:10:37.0,5910.992,5848.957,5855.23
18:10:38.0,5942.679,5870.101,5871.082
18:10:39.0,5948.351,5917.988,5903.292
18:10:40.0,5970.96,5960.128,5938.566
18:10:41.0,6001.199,5963.644,5969.386
18:10:42.0,6039.328,5987.535,5983.8
18:10:43.0,6093.812,6046.304,6015.574
18:10:44.0,6123.667,6079.289,6015.933
18:10:45.0,6154.074,6109.457,6063.312
18:10:46.0,6185.91,6141.253,6093.859
18:10:47.0,6102.316,6169.671,6124.441
18:10:48.0,6107.375,6196.886,6155.753
18:10:49.0,6113.277,6107.375,6183.917
18:10:50.0,6119.199,6112.91,6095.277
18:10:51.0,6125.757,6119.062,6106.75
18:10:52.0,6162.437,6151.988,6137.285
18:10:53.0,6180.957,6172.765,6153.39
18:10:54.0,6201.714,6192.421,6168.046
18:10:55.0,6217.632,6208.949,6184.675
18:10:56.0,6214.542,6225.058,6201.785
18:10:57.0,6229.179,6223.289,6218.46
18:10:58.0,6243.093,6236.734,6219.152
18:10:59.0,6257.242,6251.437,6237.156
18:11:00.0,6300.933,6289.648,6274.597
18:11:01.0,6253.019,6241.878,6222.261
18:11:02.0,6267.488,6255.355,6235.437
18:11:03.0,6194.031,6183.378,6249.906
18:11:04.0,6198.593,6189.062,6174.187
18:11:05.0,6204.484,6194.593,6179.957
18:11:06.0,6210.371,6200.667,6185.777
18:11:07.0,6216.937,6206.597,6192.195
18:11:08.0,6223.265,6213.335,6197.628
18:11:09.0,6250.66,6237.882,6228.832
18:11:10.0,6242.05,6232.769,6217.996
18:11:11.0,6262.257,6255.015,6236.265
18:11:12.0,6278.871,6269.91,6254.714
18:11:13.0,6277.527,6286.449,6271.058
18:11:14.0,6289.089,6300.933,6288.074
18:11:15.0,6303.523,6296.39,6282.468
18:11:16.0,6317.714,6311.152,6296.601
18:11:17.0,6332.25,6325.625,6311.261
18:11:18.0,6346.542,6339.742,6325.007
18:11:19.0,6387.3,6376.648,6364.046
18:11:20.0,6405.957,6399.265,6385.128
18:11:21.0,6420.703,6413.32,6399.929
18:11:22.0,6444.914,6439.792,6424.273
18:11:23.0,6355.039,6349.863,6334.171
18:11:24.0,6361.433,6356.265,6339.589
18:11:25.0,6367.808,6362.679,6346.382
18:11:26.0,6373.683,6368.914,6352.578
18:11:27.0,6380.66,6374.285,6358.64
18:11:28.0,6399.238,6387.675,6385.886
18:11:29.0,6400.589,6390.402,6376.632
18:11:30.0,6419.496,6413.378,6395.699
18:11:31.0,6436.41,6429.726,6413.921
18:11:32.0,6435.507,6445.792,6429.437
18:11:33.0,6449.105,6443.292,6446.078
18:11:34.0,6462.531,6456.851,6442.429
18:11:35.0,6477.281,6471.136,6456.554
18:11:36.0,6490.41,6484.933,6470.042
18:11:37.0,6505.082,6499.089,6484.808
18:11:38.0,6543.773,6533.046,6519.824
18:11:39.0,6528.023,6554.808,6539.957
18:11:40.0,6541.917,6569.621,6554.472
18:11:41.0,6557.171,6583.453,6572.414
18:11:42.0,6588.128,6612.91,6511.164
18:11:43.0,6516.578,6542.468,6524.769
18:11:44.0,6533.14,6558.648,6542.375
18:11:45.0,6550.261,6575.605,6558.574
18:11:46.0,6590.812,6582.628,6586.554
18:11:47.0,6592.175,6586.265,6565.722
18:11:48.0,6607.035,6600.746,6582.367
18:11:49.0,6621.625,6613.453,6596.863
18:11:50.0,6636.136,6629.222,6612.25
18:11:51.0,6650.855,6643.792,6626.613
18:11:52.0,6665.257,6659.21,6641.367
18:11:53.0,6582.312,6576.335,6556.05
18:11:54.0,6588.238,6581.753,6562.164
18:11:55.0,6603.089,6592.894,6587.285
18:11:56.0,6626.453,6619.921,6600.472
18:11:57.0,6632.925,6627.222,6606.718
18:11:58.0,6638.746,6633.378,6613.027
18:11:59.0,6645.593,6639.304,6618.996
18:12:00.0,6651.636,6645.21,6625.304
18:12:01.0,6657.812,6652.105,6631.812
18:12:02.0,6664.023,6657.859,6637.429
18:12:03.0,6669.906,6664.5,6653.054
18:12:04.0,6704.273,6698.191,6680.664
18:12:05.0,6713.273,6707.203,6686.878
18:12:06.0,6719.046,6713.632,6693.562
18:12:07.0,6725.25,6719.914,6699.878
18:12:08.0,6731.89,6725.894,6705.378
18:12:09.0,6738.015,6732.617,6712.164
18:12:10.0,6744.914,6738.914,6718.007
18:12:11.0,6750.246,6744.617,6724.648
18:12:12.0,6756.269,6751.382,6731.542
18:12:13.0,6788.14,6777.207,6763.257
18:12:14.0,6747.601,6740.156,6781.492
18:12:15.0,6762.281,6754.957,6734.542
18:12:16.0,6776.902,6768.777,6748.535
18:12:17.0,6791.878,6784.64,6762.671
18:12:18.0,6795.277,6799.609,6776.246
18:12:19.0,6807.906,6801.003,6792.3
18:12:20.0,6821.464,6814.5,6794.183
18:12:21.0,6835.292,6828.554,6807.675
18:12:22.0,6848.484,6842.574,6821.468
18:12:23.0,6864.519,6856.011,6843.781
18:12:24.0,6903.121,6893.085,6843.628
18:12:25.0,6916.222,6876.585,6855.949
18:12:26.0,6930.843,6890.074,6869.96
18:12:27.0,6845.597,6908.007,6888.503
18:12:28.0,6851.621,6814.816,6794.699
18:12:29.0,6857.394,6820.75,6801.347
18:12:30.0,6863.91,6826.988,6807.339
18:12:31.0,6869.589,6833.785,6814.753
18:12:32.0,6900.449,6861.515,6844.476
18:12:33.0,6906.843,6870.71,6850.667
18:12:34.0,6913.437,6877.156,6857.312
18:12:35.0,6919.402,6883.48,6863.179
18:12:36.0,6925.14,6889.757,6869.382
18:12:37.0,6932.093,6896.011,6876.136
18:12:38.0,6937.957,6902.257,6882.042
18:12:39.0,6944.406,6908.574,6896.464
18:12:40.0,6948.691,6940.734,6924.425
18:12:41.0,6953.476,6950.5,6929.957
18:12:42.0,6953.472,6951.824,6930.531
18:12:43.0,6953.441,6952.066,6930.613
18:12:44.0,6953.683,6952.066,6930.613
18:12:45.0,6953.835,6952.097,6930.644
18:12:46.0,6953.835,6952.097,6930.644
18:12:47.0,6953.835,6952.218,6930.644
18:12:48.0,6953.644,6952.25,6930.644
18:12:49.0,6953.593,6952.25,6930.886
18:12:50.0,6953.625,6952.128,6930.917
18:12:51.0,6953.625,6952.128,6930.917
18:12:52.0,6953.625,6952.128,6930.796
18:12:53.0,6953.503,6952.523,6930.859
18:12:54.0,6953.503,6952.523,6930.859
18:12:55.0,6953.566,6952.675,6930.98
18:12:56.0,6953.566,6952.675,6930.98
18:12:57.0,6953.445,6952.675,6930.98
18:12:58.0,6953.445,6952.675,6930.98
18:12:59.0,6953.566,6952.675,6931.011
18:13:00.0,6953.597,6952.707,6930.89
18:13:01.0,6953.96,6952.707,6930.89
18:13:02.0,6953.96,6952.617,6930.89
18:13:03.0,6953.96,6952.554,6930.89
18:13:04.0,6953.96,6952.554,6930.89
18:13:05.0,6953.871,6952.585,6930.906
18:13:06.0,6953.871,6952.585,6930.906
18:13:07.0,6953.992,6952.585,6930.906
18:13:08.0,6953.992,6952.585,6930.753
18:13:09.0,6953.75,6952.707,6930.753
18:13:10.0,6953.75,6952.585,6931.058
18:13:11.0,6953.75,6953.101,6931.058
18:13:12.0,6953.75,6953.101,6930.937
18:13:13.0,6953.628,6953.101,6930.937
18:13:14.0,6953.628,6953.101,6930.937
18:13:15.0,6953.66,6953.132,6930.937
18:13:16.0,6953.66,6953.132,6930.968
18:13:17.0,6953.539,6953.132,6930.937
18:13:18.0,6953.57,6953.011,6930.937
18:13:19.0,6953.539,6953.132,6931.664
18:13:20.0,6958.957,6956.207,6936.523
18:13:21.0,6964.75,6962.98,6941.921
18:13:22.0,6971.113,6969.527,6948.753
18:13:23.0,6977.042,6975.23,6954.859
18:13:24.0,6983.23,6981.664,6961.156
18:13:25.0,6989.328,6988.46,6968.222
18:13:26.0,6995.042,6995.07,6979.734
18:13:27.0,7030.179,7025.945,7010.554
18:13:28.0,7038.652,7037.796,7017.246
18:13:29.0,7044.562,7043.824,7022.062
18:13:30.0,7051.062,7050.046,7028.515
18:13:31.0,7057.019,7056.351,7035.214
18:13:32.0,7062.886,7062.761,7041.039
18:13:33.0,7069.535,7069.214,7047.621
18:13:34.0,7076.015,7075.304,7053.339
18:13:35.0,7081.714,7081.152,7059.632
18:13:36.0,7093.3,7088.593,7088.871
18:13:37.0,7099.992,7129.691,7078.914
18:13:38.0,7116.527,7113.48,7091.777
18:13:39.0,7132.785,7127.785,7105.375
18:13:40.0,7148.679,7143.792,7118.691
18:13:41.0,7124.324,7124.347,7102.523
18:13:42.0,7131.535,7132.964,7108.269
18:13:43.0,7137.511,7138.574,7114.878
18:13:44.0,7143.878,7144.605,7120.855
18:13:45.0,7150.417,7151.437,7127.152
18:13:46.0,7156.347,7157.574,7133.183
18:13:47.0,7162.429,7164.082,7159.734
18:13:48.0,7192.722,7193.777,7168.972
18:13:49.0,7198.921,7200.445,7175.464
18:13:50.0,7205.46,7206.429,7181.828
18:13:51.0,7211.57,7212.671,7187.679
18:13:52.0,7218.046,7218.828,7194.273
18:13:53.0,7223.625,7225.503,7200.191
18:13:54.0,7230.542,7231.531,7207.281
18:13:55.0,7236.664,7237.472,7223.804
18:13:56.0,7236.64,7266.89,7213.48
18:13:57.0,7242.679,7243.64,7218.804
18:13:58.0,7248.425,7249.835,7224.894
18:13:59.0,7254.652,7255.671,7230.859
18:14:00.0,7260.335,7261.933,7237.433
18:14:01.0,7266.847,7267.898,7243.703
18:14:02.0,7272.875,7274.14,7250.148
18:14:03.0,7279.457,7280.242,7258.859
18:14:04.0,7310.113,7310.632,7291.89
18:14:05.0,7329.812,7328.609,7306.175
18:14:06.0,7347.789,7345.085,7321.105
18:14:07.0,7334.14,7362.066,7335.515
18:14:08.0,7339.472,7341.789,7317.707
18:14:09.0,7345.324,7347.789,7323.8
18:14:10.0,7351.007,7354.207,7328.917
18:14:11.0,7357.816,7360.046,7335.054
18:14:12.0,7363.718,7365.742,7341.75
18:14:13.0,7385.417,7378.082,7371.539
18:14:14.0,7407.789,7407.531,7387.343
18:14:15.0,7425.5,7424.214,7401.843
18:14:16.0,7443.296,7440.203,7416.894
18:14:17.0,7423.269,7457.281,7431.308
18:14:18.0,7428.359,7431.058,7407.566
18:14:19.0,7434.621,7437.46,7413.296
18:14:20.0,7440.855,7443.171,7418.707
18:14:21.0,7446.941,7449.66,7437.605
18:14:22.0,7483.683,7483.042,7466.093
18:14:23.0,7508.734,7508.253,7486.218
18:14:24.0,7523.687,7524.003,7503.253
18:14:25.0,7537.984,7539.238,7518.031
18:14:26.0,7552.992,7552.816,7532.66
18:14:27.0,7567.312,7567.96,7546.734
18:14:28.0,7582.574,7583.027,7562.148
18:14:29.0,7596.894,7597.82,7576.457
18:14:30.0,7611.273,7611.632,7590.441
18:14:31.0,7651.089,7641.46,7633.347
18:14:32.0,7643.578,7644.71,7622.492
18:14:33.0,7657.523,7658.628,7637.82
18:14:34.0,7671.25,7672.949,7541.109
18:14:35.0,7568.742,7571.136,7545.804
18:14:36.0,7575.375,7577.167,7552.585
18:14:37.0,7580.671,7583.089,7558.628
18:14:38.0,7586.488,7589.031,7564.832
18:14:39.0,7593.531,7595.906,7571.39
18:14:40.0,7599.578,7602.238,7577.265
18:14:41.0,7605.578,7607.828,7603.8
18:14:42.0,7602.746,7605.449,7579.171
18:14:43.0,7608.433,7610.996,7585.57
18:14:44.0,7614.152,7617.121,7591.957
18:14:45.0,7620.656,7623.062,7598.625
18:14:46.0,7627.054,7629.14,7604.378
18:14:47.0,7633.285,7635.66,7611.003
18:14:48.0,7639.023,7641.367,7617.14
18:14:49.0,7646.347,7648.003,7638.343
18:14:50.0,7674.046,7674.484,7590.949
18:14:51.0,7623.757,7623.593,7600.839
18:14:52.0,7638.57,7637.695,7613.335
18:14:53.0,7654.648,7654.476,7627.89
18:14:54.0,7637.371,7669.589,7642.972
18:14:55.0,7642.675,7646.496,7620.328
18:14:56.0,7648.621,7652.535,7626.449
18:14:57.0,7654.644,7658.429,7651.847
18:14:58.0,7663.937,7693.468,7643.738
18:14:59.0,7683.07,7684.695,7662.847
18:15:00.0,7697.335,7698.957,7676.773
18:15:01.0,7711.074,7712.753,7690.722
18:15:02.0,7726.535,7726.648,7704.917
18:15:03.0,7740.199,7741.71,7718.703
18:15:04.0,7754.589,7755.769,7734.089
18:15:05.0,7768.32,7770.464,7748.871
18:15:06.0,7783.035,7784.57,7765.363
18:15:07.0,7821.992,7816.621,7801.851
18:15:08.0,7842.265,7811.484,7789.074
18:15:09.0,7855.851,7824.773,7711.546
18:15:10.0,7778.527,7747.781,7725.652
18:15:11.0,7793.281,7761.535,7739.378
18:15:12.0,7807.0,7775.886,7754.257
18:15:13.0,7820.667,7789.898,7768.109
18:15:14.0,7835.167,7803.882,7781.867
18:15:15.0,7849.375,7817.496,7796.214
18:15:16.0,7863.656,7832.132,7821.167
18:15:17.0,7911.281,7877.562,7856.792
18:15:18.0,7896.375,7897.601,7876.25
18:15:19.0,7910.363,7911.558,7890.003
18:15:20.0,7923.738,7925.734,7810.316
18:15:21.0,7837.671,7840.48,7815.23
18:15:22.0,7843.781,7846.308,7821.492
18:15:23.0,7850.042,7853.261,7827.792
18:15:24.0,7856.398,7859.351,7833.351
18:15:25.0,7862.238,7865.328,7839.867
18:15:26.0,7868.957,7871.921,7846.351
18:15:27.0,7875.046,7878.234,7856.968
18:15:28.0,7903.972,7906.566,7855.269
18:15:29.0,7890.652,7891.792,7868.964
18:15:30.0,7906.906,7908.183,7883.476
18:15:31.0,7924.199,7922.265,7895.8
18:15:32.0,7901.125,7905.882,7909.789
18:15:33.0,7906.953,7910.789,7883.921
18:15:34.0,7912.601,7916.445,7890.125
18:15:35.0,7918.191,7921.894,7896.3
18:15:36.0,7944.828,7938.886,7926.394
18:15:37.0,7957.644,7958.96,7936.562
18:15:38.0,7970.371,7971.347,7947.847
18:15:39.0,7983.015,7983.667,7959.316
18:15:40.0,7972.371,7995.574,7969.796
18:15:41.0,7978.597,7984.164,7958.558
18:15:42.0,7984.914,7989.812,7963.632
18:15:43.0,7991.167,7995.929,7972.46
18:15:44.0,8019.683,8021.203,7972.441
18:15:45.0,8045.187,8014.093,7990.664
18:15:46.0,8059.351,8029.441,8007.218
18:15:47.0,8073.73,8044.289,8020.691
18:15:48.0,8087.152,8058.308,8035.191
18:15:49.0,8102.015,8071.187,8049.765
18:15:50.0,8115.925,8085.917,8063.562
18:15:51.0,8130.078,8099.89,8077.542
18:15:52.0,8157.339,8122.32,8112.929
18:15:53.0,8187.238,8157.941,8134.308
18:15:54.0,8117.773,8171.023,8062.019
18:15:55.0,8121.332,8093.105,8067.421
18:15:56.0,8128.105,8099.41,8073.687
18:15:57.0,8134.71,8105.042,8079.507
18:15:58.0,8140.417,8110.39,8085.433
18:15:59.0,8147.0,8117.191,8092.335
18:16:00.0,8153.316,8123.882,8098.339
18:16:01.0,8158.96,8129.433,8121.476
18:16:02.0,8196.671,8162.328,8141.8
18:16:03.0,8202.917,8173.289,8147.96
18:16:04.0,8208.21,8179.386,8154.167
18:16:05.0,8215.437,8185.644,8160.71
18:16:06.0,8221.468,8191.527,8166.585
18:16:07.0,8227.695,8198.035,8172.753
18:16:08.0,8233.945,8204.402,8179.242
18:16:09.0,8240.226,8211.023,8185.074
18:16:10.0,8246.714,8215.781,8191.343
18:16:11.0,8252.851,8222.304,8219.132
18:16:12.0,8296.289,8260.886,8245.386
18:16:13.0,8316.144,8282.292,8258.734
18:16:14.0,8332.671,8298.335,8273.132
18:16:15.0,8349.792,8314.265,8286.671
18:16:16.0,8366.859,8329.152,8301.117
18:16:17.0,8332.164,8345.265,8314.312
18:16:18.0,8338.171,8308.425,8314.82
18:16:19.0,8344.039,8314.152,8288.07
18:16:20.0,8350.183,8320.664,8293.414
18:16:21.0,8355.828,8326.898,8300.117
18:16:22.0,8362.882,8332.984,8313.554
18:16:23.0,8394.804,8360.269,8311.542
18:16:24.0,8386.476,8351.332,8328.453
18:16:25.0,8401.41,8370.375,8342.433
18:16:26.0,8416.542,8384.539,8356.156
18:16:27.0,8429.996,8399.226,8376.906
18:16:28.0,8445.335,8414.691,8391.167
18:16:29.0,8460.214,8429.308,8406.011
18:16:30.0,8474.703,8443.867,8429.269
18:16:31.0,8511.746,8478.523,8457.867
18:16:32.0,8526.488,8496.097,8471.925
18:16:33.0,8540.527,8509.41,8485.757
18:16:34.0,8554.734,8523.535,8500.121
18:16:35.0,8569.457,8537.429,8513.824
18:16:36.0,8590.246,8552.726,8541.746
18:16:37.0,8516.179,8582.726,8572.078
18:16:38.0,8528.257,8500.785,8499.066
18:16:39.0,8565.023,8535.078,8497.382
18:16:40.0,8581.167,8553.488,8510.167
18:16:41.0,8595.046,8567.812,8523.968
18:16:42.0,8608.773,8581.328,8537.832
18:16:43.0,8622.792,8595.449,8551.332
18:16:44.0,8636.48,8608.726,8564.8
18:16:45.0,8565.449,8555.593,8493.488
18:16:46.0,8571.019,8547.41,8501.304
18:16:47.0,8590.48,8560.109,8529.386
18:16:48.0,8616.007,8588.937,8542.113
18:16:49.0,8631.542,8602.449,8555.164
18:16:50.0,8650.339,8617.578,8569.734
18:16:51.0,8668.195,8634.0,8584.785
18:16:52.0,8686.21,8651.05,8600.265
18:16:53.0,8645.777,8667.179,8614.605
18:16:54.0,8652.687,8628.324,8579.578
18:16:55.0,8658.652,8633.859,8585.796
18:16:56.0,8664.601,8640.132,8616.945
18:16:57.0,8703.07,8675.933,8600.777
18:16:58.0,8720.57,8694.039,8616.156
18:16:59.0,8739.468,8709.808,8630.835
18:17:00.0,8756.847,8726.609,8645.71
18:17:01.0,8774.453,8742.285,8661.019
18:17:02.0,8733.816,8711.23,8675.617
18:17:03.0,8739.816,8715.281,8634.347
18:17:04.0,8745.738,8721.714,8639.71
18:17:05.0,8751.199,8728.539,8646.656
18:17:06.0,8763.179,8734.714,8682.824
18:17:07.0,8802.058,8775.617,8696.632
18:17:08.0,8807.785,8784.535,8703.062
18:17:09.0,8814.406,8790.707,8709.406
18:17:10.0,8820.667,8796.039,8715.179
18:17:11.0,8827.121,8802.726,8721.636
18:17:12.0,8833.703,8809.187,8727.007
18:17:13.0,8839.382,8815.136,8734.07
18:17:14.0,8845.921,8820.847,8740.195
18:17:15.0,8852.363,8827.644,8746.57
18:17:16.0,8858.14,8834.332,8752.847
18:17:17.0,8864.496,8839.886,8777.632
18:17:18.0,8865.695,8869.898,8791.292
18:17:19.0,8871.554,8846.585,8797.359
18:17:20.0,8877.187,8852.226,8803.148
18:17:21.0,8883.519,8858.812,8810.242
18:17:22.0,8889.757,8865.003,8817.066
18:17:23.0,8896.121,8871.457,8822.835
18:17:24.0,8901.875,8878.074,8829.664
18:17:25.0,8908.195,8883.89,8856.074
18:17:26.0,8937.558,8912.863,8865.097
18:17:27.0,8943.96,8919.277,8871.746
18:17:28.0,8950.238,8925.589,8877.441
18:17:29.0,8956.777,8932.429,8883.628
18:17:30.0,8962.171,8938.308,8890.16
18:17:31.0,8969.175,8944.671,8896.066
18:17:32.0,8974.433,8950.664,8902.167
18:17:33.0,8981.152,8956.906,8929.66
18:17:34.0,9014.652,8982.484,8943.746
18:17:35.0,9032.519,9000.91,8955.593
18:17:36.0,9049.726,9017.023,8970.054
18:17:37.0,9068.828,9033.648,8985.203
18:17:38.0,9039.687,9049.468,8999.691
18:17:39.0,9044.847,9021.562,9014.625
18:17:40.0,9050.867,9027.386,8980.152
18:17:41.0,9056.843,9033.378,9000.628
18:17:42.0,9092.601,9063.027,9020.511
18:17:43.0,9098.578,9075.914,9026.636
18:17:44.0,9105.214,9081.515,9033.082
18:17:45.0,9111.707,9087.73,9039.351
18:17:46.0,9117.792,9094.046,9045.523
18:17:47.0,9124.078,9100.21,9052.234
18:17:48.0,9130.261,9106.058,9058.417
18:17:49.0,9137.011,9112.542,9064.406
18:17:50.0,9142.703,9119.019,9071.574
18:17:51.0,9154.976,9128.503,9102.285
18:17:52.0,9186.507,9130.695,9114.582
18:17:53.0,9192.476,9137.007,9120.703
18:17:54.0,9198.433,9142.546,9127.125
18:17:55.0,9204.507,9148.687,9127.23
18:17:56.0,9211.496,9154.964,9132.777
18:17:57.0,9217.707,9160.683,9139.164
18:17:58.0,9224.058,9167.492,9145.519
18:17:59.0,9230.16,9173.242,9151.414
18:18:00.0,9236.335,9179.949,9158.562
18:18:01.0,9261.3,9194.707,9197.55
18:18:02.0,9264.128,9233.058,9187.316
18:18:03.0,9281.031,9223.554,9205.269
18:18:04.0,9295.964,9237.425,9220.804
18:18:05.0,9310.621,9252.25,9235.339
18:18:06.0,9325.402,9266.851,9250.121
18:18:07.0,9339.699,9281.558,9264.832
18:18:08.0,9354.48,9296.363,9279.14
18:18:09.0,9369.726,9311.257,9293.796
18:18:10.0,9383.953,9325.8,9308.55
18:18:11.0,9398.121,9340.261,9323.601
18:18:12.0,9413.605,9354.55,9357.339
18:18:13.0,9455.148,9394.257,9379.312
18:18:14.0,9471.843,9412.371,9395.054
18:18:15.0,9488.929,9428.55,9410.96
18:18:16.0,9519.792,9452.574,9434.027
18:18:17.0,9553.261,9484.171,9328.308
18:18:18.0,9447.898,9378.003,9340.8
18:18:19.0,9465.468,9393.207,9354.976
18:18:20.0,9432.773,9363.667,9386.402
18:18:21.0,9460.32,9393.414,9401.343
18:18:22.0,9473.82,9405.187,9368.484
18:18:23.0,9486.281,9416.964,9379.46
18:18:24.0,9499.753,9429.355,9389.937
18:18:25.0,9483.91,9440.914,9400.992
18:18:26.0,9489.144,9424.871,9411.55
18:18:27.0,9495.652,9430.82,9394.816
18:18:28.0,9510.148,9438.132,9424.73
18:18:29.0,9533.859,9467.789,9432.824
18:18:30.0,9540.226,9474.917,9438.941
18:18:31.0,9546.613,9481.046,9445.0
18:18:32.0,9552.949,9487.156,9451.167
18:18:33.0,9559.355,9493.558,9457.281
18:18:34.0,9564.828,9499.683,9463.683
18:18:35.0,9571.714,9505.949,9469.984
18:18:36.0,9577.941,9512.761,9498.292
18:18:37.0,9616.277,9545.421,9520.785
18:18:38.0,9638.191,9570.968,9540.16
18:18:39.0,9652.32,9585.636,9554.933
18:18:40.0,9667.14,9599.464,9569.625
18:18:41.0,9680.792,9613.71,9583.617
18:18:42.0,9694.335,9628.015,9595.269
18:18:43.0,9708.371,9642.421,9607.593
18:18:44.0,9723.441,9656.121,9621.703
18:18:45.0,9738.085,9670.417,9634.796
18:18:46.0,9768.32,9685.515,9663.726
18:18:47.0,9797.484,9726.156,9690.332
18:18:48.0,9811.429,9744.902,9679.093
18:18:49.0,9825.527,9758.765,9692.984
18:18:50.0,9743.57,9676.285,9611.441
18:18:51.0,9757.738,9690.761,9624.539
18:18:52.0,9772.0,9704.179,9639.042
18:18:53.0,9785.789,9718.8,9653.031
18:18:54.0,9799.812,9732.914,9666.734
18:18:55.0,9814.339,9747.21,9684.742
18:18:56.0,9850.171,9773.726,9725.195
18:18:57.0,9881.816,9811.144,9747.027
18:18:58.0,9898.324,9829.73,9763.519
18:18:59.0,9914.566,9846.097,9781.222
18:19:00.0,9931.597,9862.453,9797.195
18:19:01.0,9948.296,9878.667,9812.75
18:19:02.0,9964.671,9895.14,9828.503
18:19:03.0,9981.484,9911.847,9742.179
18:19:04.0,9896.484,9824.972,9755.988
18:19:05.0,9913.296,9839.644,9769.16
18:19:06.0,9866.292,9854.71,9782.46
18:19:07.0,9886.843,9815.218,9814.8
18:19:08.0,9872.328,9807.382,9798.781
18:19:09.0,9878.253,9813.437,9743.722
18:19:10.0,9884.335,9818.695,9749.652
18:19:11.0,9890.386,9825.304,9755.64
18:19:12.0,9896.843,9831.222,9762.015
18:19:13.0,9903.082,9837.695,9768.0
18:19:14.0,9908.937,9843.699,9776.835
18:19:15.0,9935.195,9861.925,9803.031
18:19:16.0,9944.054,9878.785,9809.007
18:19:17.0,9950.476,9885.203,9816.25
18:19:18.0,9956.546,9891.898,9822.074
18:19:19.0,9963.64,9898.492,9828.218
18:19:20.0,9969.218,9904.199,9834.332
18:19:21.0,9975.445,9910.363,9840.695
18:19:22.0,9981.589,9916.386,9850.937
18:19:23.0,10004.636,9929.703,9881.773
18:19:24.0,10033.941,9962.714,9902.433
18:19:25.0,10047.996,9981.941,9916.671
18:19:26.0,10062.625,9995.675,9931.054
18:19:27.0,10076.941,10010.07,9945.32
18:19:28.0,10090.746,10024.046,9959.57
18:19:29.0,10105.054,10037.996,9973.734
18:19:30.0,10118.894,10051.957,9987.859
18:19:31.0,10138.203,10066.195,10024.777
18:19:32.0,10178.066,10107.898,10047.718
18:19:33.0,10194.906,10126.218,10063.089
18:19:34.0,10128.125,10059.648,9993.585
18:19:35.0,10146.906,10075.714,10008.699
18:19:36.0,10165.203,10091.457,10024.093
18:19:37.0,10184.585,10106.878,10041.765
18:19:38.0,10139.746,10122.816,10056.339
18:19:39.0,10145.566,10139.753,10070.324
18:19:40.0,10151.371,10084.703,10030.847
18:19:41.0,10184.371,10115.488,10055.464
18:19:42.0,10204.894,10134.265,10069.832
18:19:43.0,10222.531,10150.617,10083.867
18:19:44.0,10240.585,10167.21,10097.75
18:19:45.0,10259.57,10183.273,10112.031
18:19:46.0,10277.464,10199.05,10126.542
18:19:47.0,10228.621,10215.023,10140.242
18:19:48.0,10233.148,10230.203,10155.746
18:19:49.0,10239.812,10173.21,10107.8
18:19:50.0,10245.976,10179.867,10137.109
18:19:51.0,10287.226,10216.402,10122.8
18:19:52.0,10262.968,10196.015,10128.8
18:19:53.0,10268.628,10202.414,10134.492
18:19:54.0,10274.894,10208.062,10140.57
18:19:55.0,10281.3,10214.523,10146.5
18:19:56.0,10287.05,10220.539,10152.644
18:19:57.0,10293.449,10227.007,10159.546
18:19:58.0,10300.109,10232.812,10165.992
18:19:59.0,10306.296,10239.792,10171.546
18:20:00.0,10312.468,10245.617,10178.21
18:20:01.0,10312.246,10248.16,10178.812
18:20:02.0,10312.089,10248.277,10178.781
18:20:03.0,10312.089,10248.308,10178.781
18:20:04.0,10312.121,10248.308,10178.812
18:20:05.0,10312.121,10248.429,10178.812
18:20:06.0,10312.121,10248.308,10178.812
18:20:07.0,10312.113,10248.308,10178.773
18:20:08.0,10312.113,10248.371,10178.722
18:20:09.0,10312.144,10248.371,10178.722
18:20:10.0,10312.144,10248.25,10178.722
18:20:11.0,10312.023,10248.25,10178.632
18:20:12.0,10312.023,10248.25,10178.632
18:20:13.0,10312.023,10248.371,10178.632
18:20:14.0,10312.023,10248.371,10178.632
18:20:15.0,10311.933,10248.371,10178.527
18:20:16.0,10312.085,10248.66,10178.679
18:20:17.0,10312.085,10248.66,10178.679
18:20:18.0,10312.117,10248.539,10178.679
18:20:19.0,10311.996,10248.781,10178.558
18:20:20.0,10312.027,10248.781,10178.832
18:20:21.0,10317.578,10250.832,10182.359
18:20:22.0,10516.269,10373.703,10364.152
18:20:23.0,10547.199,10478.347,10427.0
18:20:24.0,10550.535,10483.218,10432.429
18:20:25.0,10551.679,10483.98,10434.527
18:20:26.0,10557.605,10487.058,10435.367
18:20:27.0,10561.296,10487.449,10434.355
18:20:28.0,10561.089,10488.601,10435.96
18:20:29.0,10561.417,10489.851,10437.89
18:20:30.0,10561.714,10489.808,10437.898
18:20:31.0,10562.234,10491.273,10440.0
18:20:32.0,10562.539,10492.011,10440.585
18:20:33.0,10563.792,10492.16,10442.234
18:20:34.0,10564.687,10495.851,10442.3
18:20:35.0,10556.589,10495.691,10443.218
18:20:36.0,10558.246,10496.066,10443.281
18:20:37.0,10557.902,10496.312,10443.984
18:20:38.0,10558.121,10496.375,10443.484
18:20:39.0,10558.648,10496.625,10443.734
18:20:40.0,10557.996,10496.218,10444.015
18:20:41.0,10559.871,10495.968,10443.417
18:20:42.0,10559.804,10495.839,10444.167
18:20:43.0,10559.992,10496.339,10443.636
18:20:44.0,10561.226,10496.152,10443.542
18:20:45.0,10561.82,10496.558,10443.425
18:20:46.0,10561.382,10496.714,10443.675
18:20:47.0,10561.445,10496.121,10443.363
18:20:48.0,10561.726,10495.964,10443.425
18:20:49.0,10561.253,10496.843,10443.507
18:20:50.0,10561.285,10496.593,10443.316
18:20:51.0,10561.535,10496.343,10443.113
18:20:52.0,10561.289,10496.683,10443.406
18:20:53.0,10561.32,10496.621,10443.562
18:20:54.0,10560.511,10496.589,10443.66
18:20:55.0,10561.542,10496.339,10443.281
18:20:56.0,10561.355,10496.183,10443.41
18:20:57.0,10560.949,10496.957,10445.527
18:20:58.0,10560.859,10498.816,10445.433
18:20:59.0,10561.046,10499.16,10445.402
18:21:00.0,10561.203,10498.378,10445.902
18:21:01.0,10561.046,10498.843,10445.523
18:21:02.0,10560.972,10498.96,10445.402
18:21:03.0,10561.128,10499.367,10445.402
18:21:04.0,10560.816,10499.242,10445.714
18:21:05.0,10560.878,10498.71,10445.871
18:21:06.0,10561.089,10499.335,10445.464
18:21:07.0,10561.312,10498.957,10445.714
18:21:08.0,10561.281,10499.363,10445.402
18:21:09.0,10560.875,10500.312,10445.527
18:21:10.0,10561.375,10499.968,10445.972
18:21:11.0,10561.925,10501.566,10448.472
18:21:12.0,10562.484,10501.656,10448.566
18:21:13.0,10561.917,10502.187,10448.597
18:21:14.0,10562.503,10502.156,10448.91
18:21:15.0,10562.347,10502.437,10448.035
18:21:16.0,10562.566,10502.5,10448.347
18:21:17.0,10562.16,10502.242,10448.433
18:21:18.0,10562.128,10508.117,10451.656
18:21:19.0,10562.316,10507.96,10451.562
18:21:20.0,10562.222,10502.292,10451.437
18:21:21.0,10561.722,10502.05,10450.882
18:21:22.0,10561.757,10502.425,10445.347
18:21:23.0,10561.664,10502.238,10445.191
18:21:24.0,10561.898,10502.269,10445.457
18:21:25.0,10562.042,10502.554,10445.675
18:21:26.0,10562.41,10501.96,10445.585
18:21:27.0,10562.566,10502.113,10445.46
18:21:28.0,10562.441,10502.273,10445.679
18:21:29.0,10562.566,10502.593,10445.691
18:21:30.0,10562.691,10502.57,10445.66
18:21:31.0,10562.941,10502.601,10444.878
18:21:32.0,10562.628,10502.261,10445.316
18:21:33.0,10562.347,10502.355,10445.628
18:21:34.0,10562.949,10502.73,10445.289
18:21:35.0,10562.23,10502.281,10445.257
18:21:36.0,10562.074,10502.406,10445.07
18:21:37.0,10562.542,10502.566,10445.382
18:21:38.0,10562.015,10502.191,10445.351
18:21:39.0,10562.578,10502.41,10445.507
18:21:40.0,10562.015,10502.41,10445.507
18:21:41.0,10562.546,10502.32,10445.695
18:21:42.0,10561.988,10502.32,10445.757
18:21:43.0,10561.675,10502.351,10445.539
18:21:44.0,10562.171,10501.914,10445.351
18:21:45.0,10562.421,10502.683,10446.105
18:21:46.0,10561.957,10502.277,10446.605
18:21:47.0,10562.113,10502.761,10446.074
18:21:48.0,10562.144,10502.542,10446.355
18:21:49.0,10562.082,10502.078,10446.078
18:21:50.0,10561.8,10502.14,10446.14
18:21:51.0,10561.8,10502.437,10446.015
18:21:52.0,10562.171,10502.777,10445.921
18:21:53.0,10562.109,10502.41,10445.8
18:21:54.0,10561.988,10502.128,10445.894
18:21:55.0,10562.332,10502.16,10446.238
18:21:56.0,10561.582,10502.753,10445.957
18:21:57.0,10561.988,10502.101,10445.933
18:21:58.0,10561.925,10502.117,10445.71
18:21:59.0,10562.207,10502.085,10445.804
18:22:00.0,10561.988,10502.71,10445.46
18:22:01.0,10561.863,10502.21,10446.054
18:22:02.0,10563.148,10502.023,10446.148
18:22:03.0,10562.898,10502.273,10445.617
18:22:04.0,10562.679,10502.617,10445.679
18:22:05.0,10563.023,10501.964,10446.562
18:22:06.0,10562.996,10502.214,10446.437
18:22:07.0,10562.652,10501.902,10446.906
18:22:08.0,10562.558,10502.339,10446.5
18:22:09.0,10562.636,10502.121,10446.195
18:22:10.0,10562.738,10501.746,10446.351
18:22:11.0,10562.738,10502.179,10446.382
18:22:12.0,10562.066,10502.367,10446.382
18:22:13.0,10562.191,10502.054,10445.886
18:22:14.0,10562.101,10502.214,10446.23
18:22:15.0,10562.664,10501.996,10446.48
18:22:16.0,10562.132,10502.058,10446.292
18:22:17.0,10562.5,10502.089,10445.988
18:22:18.0,10562.835,10501.683,10446.113
18:22:19.0,10562.835,10502.402,10445.988
18:22:20.0,10562.531,10503.128,10446.05
18:22:21.0,10562.343,10502.878,10445.46
18:22:22.0,10563.156,10503.035,10446.085
18:22:23.0,10562.562,10502.816,10445.679
18:22:24.0,10564.937,10503.097,10446.117
18:22:25.0,10562.363,10502.972,10446.054
18:22:26.0,10562.042,10502.414,10445.835
18:22:27.0,10562.98,10502.984,10445.585
18:22:28.0,10563.199,10502.472,10445.429
18:22:29.0,10563.261,10503.187,10445.898
18:22:30.0,10563.042,10502.875,10445.777
18:22:31.0,10562.636,10502.718,10445.652
18:22:32.0,10563.48,10502.906,10445.496
18:22:33.0,10563.574,10503.035,10445.406
18:22:34.0,10563.48,10502.808,10446.171
18:22:35.0,10563.574,10503.277,10446.234
18:22:36.0,10563.292,10502.996,10445.921
18:22:37.0,10563.136,10502.968,10445.89
18:22:38.0,10563.046,10503.187,10446.046
18:22:39.0,10563.171,10503.062,10445.953
18:22:40.0,10562.89,10503.062,10447.488
18:22:41.0,10563.046,10502.968,10447.171
18:22:42.0,10562.55,10503.125,10447.042
18:22:43.0,10562.519,10503.0,10447.324
18:22:44.0,10563.269,10503.031,10447.324
18:22:45.0,10563.05,10502.593,10447.417
18:22:46.0,10562.988,10502.937,10446.828
18:22:47.0,10563.363,10502.933,10447.167
18:22:48.0,10563.113,10503.402,10447.167
18:22:49.0,10562.894,10503.089,10446.945
18:22:50.0,10563.175,10502.839,10447.082
18:22:51.0,10562.925,10503.339,10447.113
18:22:52.0,10562.957,10503.214,10447.605
18:22:53.0,10563.269,10503.21,10447.234
18:22:54.0,10562.804,10503.148,10447.3
18:22:55.0,10562.648,10503.539,10447.609
18:22:56.0,10563.179,10503.414,10447.546
18:22:57.0,10563.21,10503.82,10447.265
18:22:58.0,10562.71,10503.695,10447.144
18:22:59.0,10563.054,10503.632,10447.031
18:23:00.0,10562.742,10503.851,10447.242
18:23:01.0,10563.273,10503.695,10447.113
18:23:02.0,10563.351,10503.664,10447.457
18:23:03.0,10562.726,10503.265,10447.363
18:23:04.0,10563.535,10503.109,10447.613
18:23:05.0,10563.222,10503.39,10447.679
18:23:06.0,10563.41,10503.453,10447.398
18:23:07.0,10563.378,10503.207,10447.523
18:23:08.0,10564.035,10503.144,10447.398
18:23:09.0,10563.503,10503.484,10446.96
18:23:10.0,10563.226,10503.234,10447.398
18:23:11.0,10563.414,10503.019,10447.023
18:23:12.0,10563.601,10503.3,10447.734
18:23:13.0,10562.851,10503.8,10447.328
18:23:14.0,10563.011,10503.457,10447.531
18:23:15.0,10563.355,10503.023,10448.468
18:23:16.0,10562.792,10502.992,10448.875
18:23:17.0,10563.042,10503.273,10448.281
18:23:18.0,10563.078,10503.226,10448.625
18:23:19.0,10563.234,10503.039,10448.468
18:23:20.0,10562.921,10503.953,10448.468
18:23:21.0,10563.171,10503.687,10448.214
18:23:22.0,10563.394,10504.281,10448.257
18:23:23.0,10563.363,10503.718,10448.382
18:23:24.0,10562.925,10503.906,10448.789
18:23:25.0,10562.738,10503.593,10448.226
18:23:26.0,10562.8,10504.375,10448.289
18:23:27.0,10562.707,10503.695,10448.105
18:23:28.0,10562.863,10503.82,10448.105
18:23:29.0,10562.957,10503.945,10447.921
18:23:30.0,10563.113,10504.382,10448.097
18:23:31.0,10562.894,10503.605,10448.878
18:23:32.0,10563.359,10503.632,10448.378
18:23:33.0,10563.39,10503.507,10448.535
18:23:34.0,10563.019,10503.476,10448.441
18:23:35.0,10563.144,10503.73,10448.316
18:23:36.0,10562.863,10504.105,10448.566
18:23:37.0,10563.906,10504.097,10448.289
18:23:38.0,10563.406,10504.16,10448.101
18:23:39.0,10563.746,10503.695,10448.289
18:23:40.0,10563.746,10503.914,10448.539
18:23:41.0,10564.089,10503.601,10448.105
18:23:42.0,10564.152,10503.812,10448.074
18:23:43.0,10563.652,10504.5,10448.199
18:23:44.0,10563.777,10504.156,10447.855
18:23:45.0,10563.808,10503.875,10448.078
18:23:46.0,10564.058,10504.281,10447.984
18:23:47.0,10563.777,10503.812,10448.261
18:23:48.0,10563.652,10504.437,10448.511
18:23:49.0,10563.996,10503.937,10448.417
18:23:50.0,10563.558,10503.875,10448.324
18:23:51.0,10563.296,10503.847,10448.074
18:23:52.0,10563.734,10503.847,10448.355
18:23:53.0,10563.828,10503.816,10448.23
18:23:54.0,10563.894,10504.191,10447.917
18:23:55.0,10563.644,10503.816,10448.011
18:23:56.0,10563.613,10503.976,10448.136
18:23:57.0,10563.457,10503.82,10448.417
18:23:58.0,10563.804,10503.851,10448.167
18:23:59.0,10563.242,10504.07,10447.855
18:24:00.0,10563.273,10504.039,10448.292
18:24:01.0,10563.617,10503.789,10447.894
18:24:02.0,10563.304,10503.351,10448.019
18:24:03.0,10563.429,10504.226,10447.988
18:24:04.0,10563.242,10503.82,10447.675
18:24:05.0,10563.492,10504.039,10447.894
18:24:06.0,10562.808,10503.101,10447.578
18:24:07.0,10563.371,10504.039,10447.921
18:24:08.0,10563.757,10503.476,10447.578
18:24:09.0,10563.507,10504.128,10447.89
18:24:10.0,10563.195,10504.191,10447.957
18:24:11.0,10563.914,10503.597,10448.019
18:24:12.0,10564.289,10504.222,10447.988
18:24:13.0,10564.007,10503.941,10447.554
18:24:14.0,10564.101,10503.691,10447.648
18:24:15.0,10564.539,10504.128,10447.773
18:24:16.0,10564.445,10503.91,10447.457
18:24:17.0,10563.882,10503.691,10447.96
18:24:18.0,10564.265,10503.566,10447.492
18:24:19.0,10564.011,10503.378,10447.679
18:24:20.0,10564.605,10503.785,10448.628
18:24:21.0,10564.449,10503.566,10448.375
18:24:22.0,10564.296,10504.05,10448.25
18:24:23.0,10563.953,10503.738,10448.562
18:24:24.0,10564.421,10503.738,10448.406
18:24:25.0,10563.921,10503.832,10448.441
18:24:26.0,10563.863,10503.832,10448.566
18:24:27.0,10563.644,10503.3,10448.097
18:24:28.0,10563.894,10504.019,10448.597
18:24:29.0,10563.832,10504.3,10447.726
18:24:30.0,10564.019,10504.207,10448.101
18:24:31.0,10563.804,10503.96,10448.07
18:24:32.0,10563.992,10503.898,10448.101
18:24:33.0,10563.648,10503.929,10448.414
18:24:34.0,10563.714,10503.929,10448.105
18:24:35.0,10563.777,10503.492,10448.48
18:24:36.0,10563.464,10504.085,10448.23
18:24:37.0,10563.871,10503.367,10448.421
18:24:38.0,10563.5,10503.742,10448.328
18:24:39.0,10563.933,10503.527,10448.39
18:24:40.0,10563.839,10503.527,10448.14
18:24:41.0,10563.433,10503.714,10447.546
18:24:42.0,10563.843,10503.371,10447.89
18:24:43.0,10563.656,10503.621,10448.109
18:24:44.0,10563.718,10503.652,10447.921
18:24:45.0,10563.781,10504.132,10447.925
18:24:46.0,10563.375,10504.351,10447.957
18:24:47.0,10564.378,10504.101,10448.296
18:24:48.0,10564.41,10504.32,10447.859
18:24:49.0,10564.566,10503.851,10448.015
18:24:50.0,10564.597,10504.195,10448.296
18:24:51.0,10563.878,10504.257,10447.953
18:24:52.0,10564.789,10503.886,10448.234
18:24:53.0,10564.664,10504.136,10448.234
18:24:54.0,10564.261,10504.136,10448.171
18:24:55.0,10564.23,10504.082,10447.796
18:24:56.0,10564.042,10504.234,10447.859
18:24:57.0,10564.292,10504.484,10447.796
18:24:58.0,10564.015,10503.64,10447.953
18:24:59.0,10564.574,10504.019,10448.015
18:25:00.0,10564.449,10503.738,10448.421
18:25:01.0,10564.574,10504.207,10447.984
18:25:02.0,10564.296,10504.675,10448.238
18:25:03.0,10564.421,10505.054,10448.082
18:25:04.0,10564.453,10504.617,10448.425
18:25:05.0,10564.328,10505.468,10447.957
18:25:06.0,10564.355,10505.625,10448.55
18:25:07.0,10564.195,10505.218,10448.55
18:25:08.0,10564.042,10505.16,10448.175
18:25:09.0,10564.261,10505.566,10447.734
18:25:10.0,10564.261,10505.378,10447.988
18:25:11.0,10564.636,10505.07,10447.675
18:25:12.0,10564.167,10504.914,10448.046
18:25:13.0,10564.23,10505.195,10447.613
18:25:14.0,10564.078,10505.445,10447.921
18:25:15.0,10563.765,10505.171,10448.421
18:25:16.0,10564.117,10505.054,10448.492
18:25:17.0,10564.46,10504.71,10448.121
18:25:18.0,10564.21,10504.929,10448.246
18:25:19.0,10563.898,10504.589,10447.871
18:25:20.0,10563.773,10504.839,10448.722
18:25:21.0,10563.773,10504.902,10448.503
18:25:22.0,10564.742,10504.898,10448.613
18:25:23.0,10564.679,10504.71,10448.988
18:25:24.0,10565.242,10505.144,10449.175
18:25:25.0,10564.898,10504.613,10448.769
18:25:26.0,10565.085,10504.832,10448.554
18:25:27.0,10565.277,10504.988,10448.929
18:25:28.0,10564.656,10504.816,10448.375
18:25:29.0,10564.312,10504.472,10448.781
18:25:30.0,10564.597,10504.972,10448.5
18:25:31.0,10564.628,10504.445,10448.839
18:25:32.0,10564.535,10504.289,10448.964
18:25:33.0,10564.503,10504.164,10448.648
18:25:34.0,10565.066,10504.507,10448.429
18:25:35.0,10564.687,10504.46,10448.304
18:25:36.0,10564.5,10504.804,10448.492
18:25:37.0,10565.015,10504.773,10448.464
18:25:38.0,10564.675,10504.46,10448.121
18:25:39.0,10564.863,10504.554,10448.214
18:25:40.0,10564.519,10505.714,10448.402
18:25:41.0,10564.675,10505.871,10448.375
18:25:42.0,10564.496,10505.527,10448.187
18:25:43.0,10565.058,10505.531,10448.25
18:25:44.0,10564.527,10505.746,10447.937
18:25:45.0,10564.714,10505.683,10448.0
18:25:46.0,10564.5,10505.558,10448.281
18:25:47.0,10564.718,10505.871,10448.593
18:25:48.0,10564.625,10504.875,10448.187
18:25:49.0,10564.964,10505.625,10448.191
18:25:50.0,10564.925,10505.195,10448.386
18:25:51.0,10564.644,10505.195,10448.136
18:25:52.0,10564.394,10505.351,10448.417
18:25:53.0,10563.769,10505.289,10448.542
18:25:54.0,10563.421,10505.066,10448.042
18:25:55.0,10563.164,10504.042,10447.992
18:25:56.0,10563.132,10504.304,10448.296
18:25:57.0,10563.16,10504.75,10447.859
18:25:58.0,10562.972,10504.656,10448.14
18:25:59.0,10563.535,10504.382,10448.609
18:26:00.0,10563.253,10504.101,10448.265
18:26:01.0,10563.253,10503.914,10448.015
18:26:02.0,10563.253,10503.914,10448.046
18:26:03.0,10563.312,10503.914,10448.136
18:26:04.0,10563.312,10503.851,10448.136
18:26:05.0,10563.281,10503.882,10448.136
18:26:06.0,10563.281,10503.882,10448.074
18:26:07.0,10563.257,10503.738,10448.074
18:26:08.0,10563.257,10503.578,10448.074
18:26:09.0,10563.289,10503.578,10448.074
18:26:10.0,10563.289,10504.062,10448.105
18:26:11.0,10563.265,10504.183,10448.042
18:26:12.0,10563.265,10504.183,10448.042
18:26:13.0,10563.265,10504.214,10448.042
18:26:14.0,10563.296,10504.214,10448.042
18:26:15.0,10563.054,10504.214,10447.8
18:26:16.0,10565.632,10504.953,10453.925
18:26:17.0,10577.699,10510.488,10468.894
18:26:18.0,10591.574,10521.082,10478.332
18:26:19.0,10569.382,10534.171,10487.601
18:26:20.0,10575.828,10543.054,10495.687
18:26:21.0,10582.609,10551.417,10504.281
18:26:22.0,10592.527,10559.355,10510.992
18:26:23.0,10600.921,10566.156,10523.058
18:26:24.0,10621.89,10584.16,10540.222
18:26:25.0,10633.785,10599.542,10554.328
18:26:26.0,10643.773,10611.781,10569.531
18:26:27.0,10653.64,10623.542,10579.429
18:26:28.0,10664.738,10635.382,10589.238
18:26:29.0,10677.019,10647.57,10599.781
18:26:30.0,10688.421,10658.406,10609.664
18:26:31.0,10701.097,10670.722,10628.089
18:26:32.0,10717.046,10686.355,10644.078
18:26:33.0,10733.613,10704.121,10659.687
18:26:34.0,10747.718,10718.539,10676.429
18:26:35.0,10763.472,10732.128,10688.148
18:26:36.0,10777.535,10745.449,10698.441
18:26:37.0,10789.222,10757.394,10708.89
18:26:38.0,10797.855,10767.781,10718.824
18:26:39.0,10810.445,10778.664,10738.16
18:26:40.0,10827.171,10796.019,10757.468
18:26:41.0,10847.066,10812.48,10772.519
18:26:42.0,10778.375,10785.722,10615.378
18:26:43.0,10698.433,10754.179,10622.402
18:26:44.0,10705.359,10677.113,10625.968
18:26:45.0,10710.484,10681.64,10631.464
18:26:46.0,10715.667,10686.796,10636.085
18:26:47.0,10719.332,10690.421,10640.605
18:26:48.0,10723.687,10694.14,10645.578
18:26:49.0,10732.238,10700.058,10662.507
18:26:50.0,10743.746,10710.117,10670.64
18:26:51.0,10751.531,10721.226,10680.792
18:26:52.0,10760.847,10727.964,10688.218
18:26:53.0,10767.898,10736.707,10692.843
18:26:54.0,10772.281,10743.019,10696.98
18:26:55.0,10777.57,10748.664,10701.125
18:26:56.0,10781.667,10753.062,10706.054
18:26:57.0,10786.039,10756.761,10712.386
18:26:58.0,10790.347,10761.062,10727.101
18:26:59.0,10798.984,10771.25,10744.82
18:27:00.0,10807.187,10784.644,10755.55
18:27:01.0,10814.617,10796.417,10766.187
18:27:02.0,10826.921,10805.359,10773.39
18:27:03.0,10835.925,10816.16,10779.371
18:27:04.0,10844.871,10821.503,10785.878
18:27:05.0,10853.523,10827.601,10730.488
18:27:06.0,10859.308,10832.968,10732.199
18:27:07.0,10864.691,10838.042,10734.55
18:27:08.0,10870.859,10844.25,10746.816
18:27:09.0,10881.117,10853.835,10761.05
18:27:10.0,10890.062,10863.785,10763.308
18:27:11.0,10899.175,10873.082,10766.125
18:27:12.0,10908.691,10822.058,10768.019
18:27:13.0,10853.878,10825.347,10770.414
18:27:14.0,10856.062,10827.054,10773.582
18:27:15.0,10858.542,10829.664,10778.089
18:27:16.0,10862.757,10835.539,10785.761
18:27:17.0,10868.648,10840.113,10794.437
18:27:18.0,10875.542,10845.636,10798.773
18:27:19.0,10882.675,10854.218,10803.316
18:27:20.0,10886.132,10859.035,10807.48
18:27:21.0,10890.355,10862.566,10812.734
18:27:22.0,10895.125,10867.113,10817.148
18:27:23.0,10899.726,10872.085,10821.636
18:27:24.0,10903.117,10875.98,10826.25
18:27:25.0,10907.464,10880.285,10839.765
18:27:26.0,10916.281,10887.73,10850.5
18:27:27.0,10925.363,10900.0,10862.937
18:27:28.0,10934.687,10909.996,10872.136
18:27:29.0,10944.621,10919.097,10877.128
18:27:30.0,10954.503,10927.777,10880.968
18:27:31.0,10958.933,10931.347,10885.562
18:27:32.0,10962.753,10935.496,10890.148
18:27:33.0,10966.863,10939.937,10894.656
18:27:34.0,10970.601,10944.496,10898.914
18:27:35.0,10974.628,10948.062,10907.648
18:27:36.0,10987.289,10958.054,10916.269
18:27:37.0,10997.394,10966.753,10929.101
18:27:38.0,11006.046,10975.402,10894.847
18:27:39.0,11011.75,10983.667,10896.449
18:27:40.0,11015.804,10988.421,10898.796
18:27:41.0,11019.375,10991.855,10900.843
18:27:42.0,11023.191,10995.89,10903.484
18:27:43.0,11026.089,10999.335,10906.914
18:27:44.0,11032.445,10964.394,10925.343
18:27:45.0,11007.683,10978.73,10935.687
18:27:46.0,11018.125,10990.917,10947.605
18:27:47.0,11028.132,11002.386,10958.769
18:27:48.0,11040.937,11013.98,10965.476
18:27:49.0,11047.496,11021.097,10974.73
18:27:50.0,11054.417,11028.386,10983.332
18:27:51.0,11061.82,11037.042,10991.535
18:27:52.0,11069.863,11043.25,11001.21
18:27:53.0,11076.644,11049.988,11012.019
18:27:54.0,11085.132,11059.281,11026.949
18:27:55.0,11096.574,11069.941,11041.222
18:27:56.0,11106.437,11078.789,11054.843
18:27:57.0,11115.773,11087.164,11065.375
18:27:58.0,11125.273,11097.171,11074.367
18:27:59.0,11134.765,11108.828,11081.492
18:28:00.0,11111.832,11118.035,11087.578
18:28:01.0,11117.378,11125.722,11093.914
18:28:02.0,11122.07,11131.136,11101.015
18:28:03.0,11127.089,11136.609,11108.742
18:28:04.0,11136.41,11143.023,11119.101
18:28:05.0,11143.218,11153.468,11129.402
18:28:06.0,11151.003,11161.128,11136.753
18:28:07.0,11159.656,11169.73,11145.851
18:28:08.0,11167.269,11175.55,11154.324
18:28:09.0,11174.562,11184.269,11159.859
18:28:10.0,11181.917,11191.617,11165.011
18:28:11.0,11188.867,11199.058,11172.269
18:28:12.0,11195.542,11206.875,11180.238
18:28:13.0,11202.707,11214.824,11187.414
18:28:14.0,11209.156,11220.375,11195.992
18:28:15.0,11215.132,11225.863,11204.062
18:28:16.0,11221.859,11233.597,11213.015
18:28:17.0,11227.554,11239.625,11219.765
18:28:18.0,11233.746,11247.175,11225.371
18:28:19.0,11239.5,11254.14,11231.695
18:28:20.0,11245.906,11260.117,11239.753
18:28:21.0,11250.222,11266.535,11250.371
18:28:22.0,11259.574,11274.5,11264.39
18:28:23.0,11268.632,11284.914,11175.335
18:28:24.0,11274.05,11293.003,11187.253
18:28:25.0,11281.066,11302.781,11195.773
18:28:26.0,11288.203,11310.75,11204.746
18:28:27.0,11296.875,11319.226,11211.093
18:28:28.0,11305.148,11325.203,11219.636
18:28:29.0,11311.226,11331.339,11226.23
18:28:30.0,11317.703,11337.41,11235.925
18:28:31.0,11325.636,11345.113,11246.207
18:28:32.0,11334.339,11258.058,11259.046
18:28:33.0,11343.414,11268.691,11268.714
18:28:34.0,11352.816,11277.5,11280.16
18:28:35.0,11358.96,11286.335,11289.687
18:28:36.0,11365.078,11295.457,11297.636
18:28:37.0,11374.179,11304.734,11307.882
18:28:38.0,11380.753,11311.296,11315.968
18:28:39.0,11389.89,11317.968,11237.89
18:28:40.0,11299.402,11325.949,11251.386
18:28:41.0,11309.343,11333.921,11262.242
18:28:42.0,11318.128,11343.66,11272.812
18:28:43.0,11327.394,11354.32,11284.32
18:28:44.0,11337.976,11362.816,11296.546
18:28:45.0,11347.179,11376.605,11307.23
18:28:46.0,11354.539,11386.3,11317.382
18:28:47.0,11361.613,11393.308,11327.105
18:28:48.0,11370.234,11400.457,11338.238
18:28:49.0,11376.925,11407.203,11347.98
18:28:50.0,11385.648,11414.324,11290.671
18:28:51.0,11395.164,11426.062,11302.679
18:28:52.0,11403.765,11438.625,11316.597
18:28:53.0,11415.55,11358.847,11329.32
18:28:54.0,11425.41,11369.183,11339.296
18:28:55.0,11435.851,11378.078,11348.437
18:28:56.0,11446.453,11390.976,11301.738
18:28:57.0,11453.468,11399.98,11312.527
18:28:58.0,11460.14,11409.382,11324.417
18:28:59.0,11466.937,11420.777,11333.406
18:29:00.0,11474.253,11432.679,11344.238
18:29:01.0,11484.449,11441.675,11354.609
18:29:02.0,11405.191,11451.398,11363.207
18:29:03.0,11412.183,11461.527,11372.179
18:29:04.0,11419.867,11473.246,11381.312
18:29:05.0,11427.867,11481.769,11390.363
18:29:06.0,11434.289,11417.07,11398.351
18:29:07.0,11440.921,11425.679,11409.351
18:29:08.0,11446.964,11393.363,11424.019
18:29:09.0,11457.441,11385.742,11435.363
18:29:10.0,11467.89,11395.949,11444.816
18:29:11.0,11476.707,11404.976,11457.253
18:29:12.0,11486.558,11414.035,11468.941
18:29:13.0,11494.085,11423.96,11478.968
18:29:14.0,11501.648,11429.261,11491.101
18:29:15.0,11507.64,11433.664,11503.015
18:29:16.0,11439.218,11438.285,11514.269
18:29:17.0,11444.605,11442.519,11530.792
18:29:18.0,11450.859,11449.097,11546.863
18:29:19.0,11458.71,11457.992,11562.351
18:29:20.0,11468.125,11466.101,11574.113
18:29:21.0,11476.308,11474.32,11585.21
18:29:22.0,11484.625,11483.066,11592.074
18:29:23.0,11493.281,11488.253,11598.378
18:29:24.0,11499.699,11496.816,11606.156
18:29:25.0,11505.316,11504.46,11614.121
18:29:26.0,11512.882,11511.851,11621.496
18:29:27.0,11519.937,11518.035,11633.0
18:29:28.0,11528.375,11524.613,11642.007
18:29:29.0,11538.667,11534.273,11650.617
18:29:30.0,11547.23,11542.976,11660.941
18:29:31.0,11555.574,11550.113,11673.582
18:29:32.0,11562.128,11557.421,11682.574
18:29:33.0,11570.253,11564.671,11690.808
18:29:34.0,11576.976,11571.054,11698.445
18:29:35.0,11585.3,11579.023,11704.195
18:29:36.0,11593.718,11583.789,11617.984
18:29:37.0,11600.492,11589.632,11628.605
18:29:38.0,11608.207,11597.05,11639.972
18:29:39.0,11619.875,11604.734,11648.773
18:29:40.0,11628.027,11614.167,11657.097
18:29:41.0,11636.109,11623.433,11667.457
18:29:42.0,11643.097,11631.925,11675.222
18:29:43.0,11651.199,11640.011,11684.964
18:29:44.0,11658.234,11646.488,11694.613
18:29:45.0,11666.156,11653.582,11701.765
18:29:46.0,11674.652,11659.113,11712.261
18:29:47.0,11680.058,11665.066,11722.16
18:29:48.0,11686.25,11673.625,11732.449
18:29:49.0,11691.632,11680.296,11741.468
18:29:50.0,11699.585,11687.507,11752.82
18:29:51.0,11706.972,11694.667,11761.195
18:29:52.0,11713.437,11703.511,11770.636
18:29:53.0,11720.925,11710.269,11780.101
18:29:54.0,11663.492,11716.761,11791.46
18:29:55.0,11669.902,11722.566,11802.878
18:29:56.0,11681.925,11732.71,11813.562
18:29:57.0,11689.746,11745.367,11826.355
18:29:58.0,11699.125,11755.167,11839.66
18:29:59.0,11708.796,11765.003,11850.187
18:30:00.0,11717.101,11772.398,11859.332
18:30:01.0,11724.3,11778.832,11866.222
18:30:02.0,11733.917,11785.761,11876.261
18:30:03.0,11739.242,11791.511,11884.343
18:30:04.0,11744.324,11799.667,11899.156
18:30:05.0,11753.027,11811.105,11913.656
18:30:06.0,11759.183,11823.058,11927.011
18:30:07.0,11769.031,11832.484,11936.96
18:30:08.0,11780.57,11839.636,11949.132
18:30:09.0,11787.71,11846.937,11960.082
18:30:10.0,11797.96,11853.453,11969.57
18:30:11.0,11809.875,11863.324,11977.632
18:30:12.0,11815.496,11869.355,11986.281
18:30:13.0,11821.175,11876.816,11999.132
18:30:14.0,11829.503,11886.917,12011.828
18:30:15.0,11841.203,11896.847,12021.523
18:30:16.0,11852.343,11907.167,12034.621
18:30:17.0,11862.054,11819.89,12047.679
18:30:18.0,11870.652,11829.722,12060.742
18:30:19.0,11880.148,11842.519,12068.457
18:30:20.0,11888.328,11851.933,12078.957
18:30:21.0,11893.906,11751.992,12087.093
18:30:22.0,11901.207,11758.832,12095.531
18:30:23.0,11907.988,11766.46,12104.125
18:30:24.0,11803.519,11772.828,12113.933
18:30:25.0,11811.996,11783.687,12128.89
18:30:26.0,11823.753,11796.675,12140.332
18:30:27.0,11836.457,11806.675,12152.277
18:30:28.0,11845.792,11815.484,12165.98
18:30:29.0,11853.511,11825.191,12175.906
18:30:30.0,11860.054,11833.257,12183.773
18:30:31.0,11865.675,11840.859,12191.5
18:30:32.0,11872.496,11849.5,12202.937
18:30:33.0,11881.292,11853.851,12203.535
18:30:34.0,11888.332,11859.039,12112.566
18:30:35.0,11895.503,11866.121,12121.738
18:30:36.0,11902.417,11872.906,12130.468
18:30:37.0,11907.148,11877.234,12140.761
18:30:38.0,11913.652,11883.562,12148.23
18:30:39.0,11918.976,11890.164,12157.796
18:30:40.0,11926.062,11897.531,12166.339
18:30:41.0,11932.089,11905.14,12175.777
18:30:42.0,11938.242,11910.96,12187.148
18:30:43.0,11945.859,11920.05,12197.523
18:30:44.0,11954.886,11930.988,12205.925
18:30:45.0,11961.832,11938.031,12214.894
18:30:46.0,11969.855,11947.16,12222.527
18:30:47.0,11977.281,11955.332,12231.468
18:30:48.0,11985.898,11964.472,12239.582
18:30:49.0,11994.812,11969.914,12246.507
18:30:50.0,11999.101,11974.304,12252.238
18:30:51.0,12005.968,11980.312,12263.429
18:30:52.0,12012.976,11986.832,12272.964
18:30:53.0,12020.992,11997.14,12283.671
18:30:54.0,12032.324,12006.707,12293.488
18:30:55.0,12042.003,12014.144,12305.222
18:30:56.0,12048.527,12022.132,12313.921
18:30:57.0,12056.394,12032.445,12319.816
18:30:58.0,12064.554,12039.824,12324.363
18:30:59.0,12071.714,12049.378,12330.125
18:31:00.0,12078.726,12057.234,12341.882
18:31:01.0,12086.523,12065.445,11921.652
18:31:02.0,12093.886,12073.925,11928.96
18:31:03.0,12102.425,12080.089,11934.796
18:31:04.0,12111.386,12087.664,11942.375
18:31:05.0,12117.949,12096.593,11951.234
18:31:06.0,12124.992,12104.199,11959.421
18:31:07.0,12131.195,12112.425,11963.847
18:31:08.0,12137.687,12120.82,11968.765
18:31:09.0,12148.531,12127.074,11973.468
18:31:10.0,12155.257,12134.519,11983.046
18:31:11.0,12161.679,12142.054,11994.554
18:31:12.0,12169.945,12153.414,12004.562
18:31:13.0,12180.21,12165.976,12014.601
18:31:14.0,12191.707,12175.593,12024.621
18:31:15.0,12202.011,12185.714,12033.925
18:31:16.0,12211.812,12199.769,12039.851
18:31:17.0,12223.05,12212.5,12045.449
18:31:18.0,12231.019,12220.859,12051.746
18:31:19.0,12238.21,12228.207,12059.835
18:31:20.0,12245.289,12235.835,12067.449
18:31:21.0,12253.097,12243.527,12075.535
18:31:22.0,12264.261,12252.14,12084.648
18:31:23.0,12161.25,12260.085,12094.367
18:31:24.0,12168.542,12269.523,12100.164
18:31:25.0,12178.488,12278.339,12106.57
18:31:26.0,12190.867,12290.207,12113.156
18:31:27.0,12201.894,12300.617,12119.492
18:31:28.0,12216.695,12312.312,12128.503
18:31:29.0,12233.593,12327.324,12139.25
18:31:30.0,12244.437,12341.082,12154.699
18:31:31.0,12256.417,12352.152,12169.312
18:31:32.0,12269.941,12367.773,12097.632
18:31:33.0,12277.082,12380.402,12103.734
18:31:34.0,12287.488,12389.167,12114.332
18:31:35.0,12299.863,12400.761,12121.121
18:31:36.0,12310.472,12326.433,12129.789
18:31:37.0,12318.035,12334.253,12137.515
18:31:38.0,12326.093,12341.066,12145.5
18:31:39.0,12334.683,12348.996,12154.191
18:31:40.0,12343.773,12355.343,12168.421
18:31:41.0,12356.816,12369.187,12180.652
18:31:42.0,12373.949,12381.464,12190.82
18:31:43.0,12383.73,12391.425,12203.171
18:31:44.0,12396.078,12402.128,12216.035
18:31:45.0,12405.738,12411.519,12224.089
18:31:46.0,12411.785,12421.519,12233.199
18:31:47.0,12417.539,12427.535,12241.847
18:31:48.0,12427.32,12436.23,12253.66
18:31:49.0,12440.882,12447.808,12284.062
18:31:50.0,12454.964,12463.308,12309.136
18:31:51.0,12466.296,12477.597,12320.55
18:31:52.0,12477.375,12489.757,12331.039
18:31:53.0,12498.531,12512.277,12220.277
18:31:54.0,12525.593,12537.71,12231.285
18:31:55.0,12537.25,12548.394,12242.183
18:31:56.0,12547.906,12558.929,12252.761
18:31:57.0,12558.593,12569.707,12264.023
18:31:58.0,12569.218,12580.726,12240.238
18:31:59.0,12579.632,12591.375,12249.128
18:32:00.0,12590.046,12601.667,12258.937
18:32:01.0,12600.492,12612.718,12268.05
18:32:02.0,12515.96,12622.8,12277.859
18:32:03.0,12525.406,12633.699,12263.679
18:32:04.0,12535.82,12644.476,12274.339
18:32:05.0,12545.75,12655.375,12283.785
18:32:06.0,12555.921,12666.273,12293.714
18:32:07.0,12566.578,12676.566,12303.07
18:32:08.0,12577.113,12687.343,12313.273
18:32:09.0,12588.132,12697.878,12323.082
18:32:10.0,12598.179,12708.171,12332.804
18:32:11.0,12605.019,12715.824,12338.332
18:32:12.0,12615.125,12723.765,12345.273
18:32:13.0,12625.847,12735.125,12354.035
18:32:14.0,12635.652,12745.32,12360.851
18:32:15.0,12646.765,12623.742,12369.835
18:32:16.0,12657.671,12205.039,12381.832
18:32:17.0,12667.144,12211.39,12392.324
18:32:18.0,12678.039,12219.46,12402.218
18:32:19.0,12687.82,12227.531,12411.601
18:32:20.0,12698.207,12235.125,12421.917
18:32:21.0,12707.167,12242.687,12433.41
18:32:22.0,12715.742,12249.527,12441.82
18:32:23.0,12299.281,12256.667,12451.125
18:32:24.0,12306.117,12263.695,12458.847
18:32:25.0,12313.414,12270.828,12468.007
18:32:26.0,12319.898,12277.976,12478.937
18:32:27.0,12326.882,12263.269,12488.886
18:32:28.0,12334.226,12272.988,12502.066
18:32:29.0,12342.195,12281.992,12513.898
18:32:30.0,12348.707,12291.632,12524.652
18:32:31.0,12361.019,12305.207,12535.921
18:32:32.0,12371.769,12319.222,12548.609
18:32:33.0,12383.601,12333.472,12559.597
18:32:34.0,12396.816,12345.886,12565.542
18:32:35.0,12408.003,12359.082,12572.125
18:32:36.0,12417.164,12368.742,12578.613
18:32:37.0,12424.636,12380.07,12585.046
18:32:38.0,12432.48,12389.328,12592.707
18:32:39.0,12439.75,12400.042,12599.847
18:32:40.0,12447.343,12410.062,12607.429
18:32:41.0,12454.152,12419.609,12613.851
18:32:42.0,12461.019,12428.07,12620.964
18:32:43.0,12468.699,12379.343,12625.519
18:32:44.0,12476.542,12391.214,12631.66
18:32:45.0,12483.578,12403.863,12638.718
18:32:46.0,12489.519,12414.359,12646.003
18:32:47.0,12496.496,12426.664,12652.57
18:32:48.0,12503.976,12439.742,12658.324
18:32:49.0,12510.214,12452.214,12670.125
18:32:50.0,12517.207,12430.988,12688.062
18:32:51.0,12467.496,12438.425,12702.316
18:32:52.0,12479.265,12451.277,12712.671
18:32:53.0,12491.074,12463.457,12721.109
18:32:54.0,12504.246,12478.402,12730.394
18:32:55.0,12516.234,12488.605,12396.437
18:32:56.0,12527.625,12501.015,12406.98
18:32:57.0,12537.054,12508.554,12336.25
18:32:58.0,12545.91,12516.816,12343.992
18:32:59.0,12554.042,12526.085,12353.382
18:33:00.0,12563.64,12535.863,12361.636
18:33:01.0,12573.992,12543.828,12369.875
18:33:02.0,12583.152,12552.406,12377.738
18:33:03.0,12444.101,12561.535,12386.886
18:33:04.0,12450.238,12569.277,12396.699
18:33:05.0,12458.421,12575.074,12405.445
18:33:06.0,12466.984,12583.921,12415.718
18:33:07.0,12476.304,12594.707,12425.113
18:33:08.0,12485.57,12604.89,12435.46
18:33:09.0,12496.281,12614.976,12443.703
18:33:10.0,12505.75,12624.289,12452.882
18:33:11.0,12516.0,12634.746,12420.742
18:33:12.0,12526.96,12644.398,12429.078
18:33:13.0,12537.878,12654.898,12437.019
18:33:14.0,12546.953,12665.023,12444.703
18:33:15.0,12557.027,12673.55,12452.574
18:33:16.0,12545.941,12681.628,12461.976
18:33:17.0,12553.722,12689.753,12469.417
18:33:18.0,12561.773,12698.816,12478.156
18:33:19.0,12570.851,12709.109,12487.175
18:33:20.0,12578.855,12718.152,12429.765
18:33:21.0,12587.183,12728.953,12437.019
18:33:22.0,12595.207,12738.003,12442.968
18:33:23.0,12604.187,12745.667,12453.144
18:33:24.0,12610.91,12755.328,12468.429
18:33:25.0,12620.234,12764.269,12478.39
18:33:26.0,12632.019,12777.125,12490.085
18:33:27.0,12643.523,12790.32,12501.402
18:33:28.0,12655.378,12803.871,12510.488
18:33:29.0,12667.777,12817.281,12520.421
18:33:30.0,12681.718,12833.015,12529.261
18:33:31.0,12691.796,12842.054,12537.644
18:33:32.0,12699.597,12849.964,12546.804
18:33:33.0,12707.671,12858.929,12555.453
18:33:34.0,12716.222,12866.699,12507.484
18:33:35.0,12726.953,12874.816,12517.117
18:33:36.0,12736.46,12883.035,12529.253
18:33:37.0,12745.257,12893.14,12538.195
18:33:38.0,12753.328,12901.171,12547.824
18:33:39.0,12761.14,12908.605,12557.32
18:33:40.0,12770.539,12918.171,12568.472
18:33:41.0,12779.003,12926.175,12576.636
18:33:42.0,12788.128,12935.07,12589.082
18:33:43.0,12796.203,12943.007,12603.355
18:33:44.0,12804.863,12952.062,12618.73
18:33:45.0,12815.406,12962.906,12633.582
18:33:46.0,12829.042,12976.261,12647.777
18:33:47.0,12845.394,12992.214,12658.695
18:33:48.0,12860.566,13005.464,12669.414
18:33:49.0,12874.292,12676.457,12680.699
18:33:50.0,12884.128,12611.269,12691.531
18:33:51.0,12891.832,12618.441,12703.042
18:33:52.0,12900.312,12626.925,12629.199
18:33:53.0,12908.742,12635.035,12636.687
18:33:54.0,12916.777,12644.285,12644.687
18:33:55.0,12925.066,12652.121,12654.433
18:33:56.0,12932.507,12660.281,12664.222
18:33:57.0,12941.117,12668.703,12672.929
18:33:58.0,12949.429,12676.96,12682.39
18:33:59.0,12958.703,12686.191,12690.398
18:34:00.0,12967.378,12694.789,12698.964
18:34:01.0,12974.937,12702.039,12713.66
18:34:02.0,12982.511,12709.542,12728.718
18:34:03.0,12989.015,12714.851,12744.285
18:34:04.0,12995.371,12720.652,12755.117
18:34:05.0,13005.167,12731.578,12763.789
18:34:06.0,13014.289,12742.578,12772.957
18:34:07.0,13025.156,12751.289,12782.277
18:34:08.0,13038.156,12760.753,12789.781
18:34:09.0,13049.554,12769.66,12797.57
18:34:10.0,13062.195,12781.062,12807.878
18:34:11.0,13069.742,12790.218,12816.113
18:34:12.0,13076.066,12745.3,12825.386
18:34:13.0,13084.132,12751.472,12834.988
18:34:14.0,13091.972,12758.957,12843.457
18:34:15.0,13099.796,12765.523,12852.636
18:34:16.0,13105.328,12772.464,12861.417
18:34:17.0,13111.828,12744.066,12868.343
18:34:18.0,13118.363,12735.496,12880.367
18:34:19.0,13126.886,12742.105,12890.085
18:34:20.0,13133.335,12750.183,12901.757
18:34:21.0,13139.218,12756.5,12916.265
18:34:22.0,13146.996,12763.781,12929.156
18:34:23.0,12810.691,12770.839,12946.351
18:34:24.0,12817.093,12784.32,12962.82
18:34:25.0,12827.933,12799.3,12975.074
18:34:26.0,12840.832,12813.871,12987.914
18:34:27.0,12856.679,12827.851,13002.73
18:34:28.0,12869.234,12842.035,13013.179
18:34:29.0,12884.417,12856.414,13020.519
18:34:30.0,12898.015,12870.902,13029.824
18:34:31.0,12912.199,12884.828,13038.214
18:34:32.0,12926.601,12900.691,13044.851
18:34:33.0,12945.046,12917.003,13051.109
18:34:34.0,12953.839,12927.191,13062.738
18:34:35.0,12962.734,12936.64,13074.316
18:34:36.0,12892.23,12945.945,13084.687
18:34:37.0,12901.625,12954.82,13095.144
18:34:38.0,12913.742,12968.535,13107.109
18:34:39.0,12923.82,12979.261,13116.601
18:34:40.0,12932.917,12988.429,13123.359
18:34:41.0,12946.242,13000.316,13130.921
18:34:42.0,12959.992,13015.304,13137.234
18:34:43.0,12976.382,13031.445,13144.292
18:34:44.0,12990.46,13043.156,13149.417
18:34:45.0,13005.492,13055.707,13155.542
18:34:46.0,13016.57,13067.539,13160.906
18:34:47.0,13026.5,13077.917,13166.894
18:34:48.0,13036.058,13086.21,13173.316
18:34:49.0,13045.753,13096.386,13180.433
18:34:50.0,13055.828,13105.332,13185.847
18:34:51.0,13065.402,13115.519,13196.972
18:34:52.0,13075.386,13123.621,13208.593
18:34:53.0,13087.929,13132.976,13218.91
18:34:54.0,13098.304,13113.66,13228.707
18:34:55.0,13108.542,13066.378,13237.644
18:34:56.0,13118.523,13074.761,13251.312
18:34:57.0,13076.625,13082.781,13264.179
18:34:58.0,13085.871,13090.871,13276.093
18:34:59.0,13094.984,13101.097,13283.699
18:35:00.0,13108.617,13116.027,13294.425
18:35:01.0,13122.937,13126.996,13302.285
18:35:02.0,13140.796,13140.628,13310.574
18:35:03.0,13157.777,13154.562,13319.445
18:35:04.0,13170.636,13165.589,13329.109
18:35:05.0,13180.91,13174.566,13338.578
18:35:06.0,13191.171,13182.96,13349.3
18:35:07.0,13205.98,13191.324,13356.484
18:35:08.0,13215.839,13200.832,13249.992
18:35:09.0,13227.828,13211.097,13260.593
18:35:10.0,13237.269,13219.027,13269.839
18:35:11.0,13249.425,13228.23,13284.238
18:35:12.0,13260.207,13235.945,13300.496
18:35:13.0,13272.109,13244.695,13315.882
18:35:14.0,13284.07,13253.871,13329.054
18:35:15.0,13256.359,13262.371,13337.585
18:35:16.0,13267.464,13270.511,13011.468
18:35:17.0,13278.039,13279.414,13018.726
18:35:18.0,13289.828,13291.761,13028.757
18:35:19.0,13302.515,13308.843,13038.839
18:35:20.0,13315.476,13323.371,13046.91
18:35:21.0,13330.519,13336.175,13053.421
18:35:22.0,13345.925,13344.523,13059.628
18:35:23.0,13361.019,13353.101,13066.96
18:35:24.0,13375.328,13361.781,13072.847
18:35:25.0,13386.578,13369.832,13079.73
18:35:26.0,13398.714,13378.203,13085.566
18:35:27.0,13408.578,13386.414,13091.906
18:35:28.0,13421.589,13395.304,13099.125
18:35:29.0,13432.875,13403.824,13107.664
18:35:30.0,13443.445,13412.628,13114.371
18:35:31.0,13456.292,13422.023,13122.57
18:35:32.0,13466.617,13430.179,13129.207
18:35:33.0,13477.503,13439.578,13104.238
18:35:34.0,13487.816,13448.273,13110.605
18:35:35.0,13498.21,13456.617,13116.437
18:35:36.0,13510.449,13464.332,13124.07
18:35:37.0,13522.539,13473.82,13131.628
18:35:38.0,13532.914,13481.742,13137.972
18:35:39.0,13543.578,13491.488,13144.136
18:35:40.0,13554.597,13499.222,13149.726
18:35:41.0,13566.66,13442.894,13156.722
18:35:42.0,13576.222,13450.867,13163.0
18:35:43.0,13587.031,13459.769,13168.988
18:35:44.0,13597.992,13467.761,13174.894
18:35:45.0,13608.253,13476.105,13181.953
18:35:46.0,13621.156,13485.636,13194.652
18:35:47.0,13631.726,13495.238,13207.976
18:35:48.0,13290.066,13503.898,13219.707
18:35:49.0,13298.363,13512.074,13230.808
18:35:50.0,13307.097,13520.722,13240.476
18:35:51.0,13315.003,13530.179,13246.91
18:35:52.0,13323.257,13545.015,13253.281
18:35:53.0,13330.539,13558.503,13260.113
18:35:54.0,13338.976,13572.003,13269.957
18:35:55.0,13346.894,13583.238,13280.226
18:35:56.0,13356.648,13592.636,13292.66
18:35:57.0,13369.367,13265.128,13300.707
18:35:58.0,13383.082,13270.839,13306.96
18:35:59.0,13394.718,13275.585,13313.019
18:36:00.0,13404.867,13281.984,13319.371
18:36:01.0,13414.796,13289.613,13327.238
18:36:02.0,13423.777,13298.824,13332.636
18:36:03.0,13430.222,13305.183,13338.261
18:36:04.0,13435.515,13200.156,13351.707
18:36:05.0,13442.308,13205.562,13166.71
18:36:06.0,13448.316,13209.515,13180.046
18:36:07.0,13455.433,13213.925,13192.269
18:36:08.0,13461.593,13220.179,13206.003
18:36:09.0,13468.375,13229.816,13215.578
18:36:10.0,13474.792,13238.695,13223.55
18:36:11.0,13481.746,13249.031,13232.097
18:36:12.0,13488.437,13258.285,13242.578
18:36:13.0,13494.316,13267.425,13253.73
18:36:14.0,13501.585,13277.273,13264.074
18:36:15.0,13511.652,13286.175,13276.39
18:36:16.0,13522.882,13292.117,13254.16
18:36:17.0,13532.48,13297.449,13261.25
18:36:18.0,13543.605,13302.789,13267.46
18:36:19.0,13554.757,13307.91,13275.109
18:36:20.0,13565.824,13313.515,13281.328
18:36:21.0,13573.14,13319.035,13288.875
18:36:22.0,13581.804,13325.96,13296.132
18:36:23.0,13588.765,13332.437,13310.289
18:36:24.0,13595.273,13337.89,13326.117
18:36:25.0,13602.105,13343.253,13340.667
18:36:26.0,13609.414,13349.136,13350.265
18:36:27.0,13618.75,13355.136,13357.23
18:36:28.0,13627.964,13361.398,13365.507
18:36:29.0,13636.41,13366.582,13373.257
18:36:30.0,13645.894,13375.406,13381.195
18:36:31.0,13655.796,13384.128,13387.21
18:36:32.0,13668.386,13394.492,13393.128
18:36:33.0,13679.843,13405.902,13397.582
18:36:34.0,13694.605,13415.32,13402.226
18:36:35.0,13709.625,13425.132,13408.945
18:36:36.0,13721.679,13430.695,13414.55
18:36:37.0,13729.582,13436.902,13420.187
18:36:38.0,13737.292,13442.417,13427.332
18:36:39.0,13747.167,13448.023,13432.902
18:36:40.0,13755.605,13454.8,13437.449
18:36:41.0,13765.898,13460.859,13446.761
18:36:42.0,13773.792,13466.23,13458.875
18:36:43.0,13782.156,13471.777,13470.25
18:36:44.0,13790.742,13478.16,13484.636
18:36:45.0,13800.031,13484.816,13504.828
18:36:46.0,13809.007,13492.511,13524.136
18:36:47.0,13816.378,13503.32,13539.261
18:36:48.0,13823.585,13516.21,13553.859
18:36:49.0,13837.234,13531.464,13561.679
18:36:50.0,13853.234,13543.46,13568.699
18:36:51.0,13867.785,13554.535,13575.074
18:36:52.0,13878.449,13560.55,13584.964
18:36:53.0,13892.324,13566.398,13593.492
18:36:54.0,13909.285,13573.371,13601.585
18:36:55.0,13923.519,13578.882,13616.113
18:36:56.0,13938.191,13584.48,13630.964
18:36:57.0,13953.925,13590.964,13648.375
18:36:58.0,13967.164,13487.148,13659.222
18:36:59.0,13980.542,13493.847,13665.933
18:37:00.0,13992.746,13498.679,13672.195
18:37:01.0,14001.902,13505.96,13680.789
18:37:02.0,14011.382,13512.25,13687.894
18:37:03.0,14021.894,13520.441,13695.804
18:37:04.0,14029.996,13531.804,13702.746
18:37:05.0,14039.574,13543.972,13710.375
18:37:06.0,14047.765,13556.523,13717.265
18:37:07.0,14056.054,13568.972,13724.972
18:37:08.0,14069.484,13581.109,13734.398
18:37:09.0,13730.55,13595.707,13741.265
18:37:10.0,13743.05,13611.195,13751.117
18:37:11.0,13754.789,13626.73,13764.062
18:37:12.0,13763.96,13638.964,13780.761
18:37:13.0,13770.957,13652.406,13795.347
18:37:14.0,13776.554,13662.152,13805.839
18:37:15.0,13782.875,13676.984,13814.089
18:37:16.0,13789.761,13654.406,13823.324
18:37:17.0,13643.804,13661.671,13831.972
18:37:18.0,13649.058,13669.343,13843.476
18:37:19.0,13653.949,13678.199,13854.73
18:37:20.0,13659.582,13689.632,13861.894
18:37:21.0,13666.968,13701.523,13870.074
18:37:22.0,13675.25,13713.871,13877.89
18:37:23.0,13682.531,13726.089,13885.597
18:37:24.0,13694.636,13738.125,13893.312
18:37:25.0,13707.488,13744.835,13901.406
18:37:26.0,13718.371,13752.644,13908.117
18:37:27.0,13729.0,13759.792,13916.625
18:37:28.0,13741.832,13767.859,13933.843
18:37:29.0,13748.132,13774.843,13948.789
18:37:30.0,13753.054,13782.05,13965.855
18:37:31.0,13758.691,13789.25,13980.5
18:37:32.0,13764.574,13796.128,13583.675
18:37:33.0,13769.871,13803.128,13586.558
18:37:34.0,13774.953,13809.816,13589.238
18:37:35.0,13780.718,13819.945,13591.972
18:37:36.0,13785.941,13834.468,13596.062
18:37:37.0,13791.05,13847.566,13598.382
18:37:38.0,13796.812,13859.734,13600.566
18:37:39.0,13802.468,13871.343,13604.031
18:37:40.0,13808.035,13762.929,13606.539
18:37:41.0,13816.816,13770.167,13610.031
18:37:42.0,13829.589,13777.101,13612.121
18:37:43.0,13842.164,13784.117,13615.195
18:37:44.0,13852.839,13791.57,13618.128
18:37:45.0,13860.855,13798.343,13621.316
18:37:46.0,13865.503,13806.199,13623.871
18:37:47.0,13870.398,13814.375,13630.296
18:37:48.0,13875.41,13823.46,13637.597
18:37:49.0,13882.796,13834.261,13578.41
18:37:50.0,13890.183,13844.796,13580.82
18:37:51.0,13899.386,13852.214,13583.605
18:37:52.0,13906.773,13859.121,13586.312
18:37:53.0,13914.886,13887.335,13588.855
18:37:54.0,13925.933,13904.644,13591.429
18:37:55.0,13936.953,13913.363,13593.73
18:37:56.0,13945.914,13922.324,13596.242
18:37:57.0,13957.328,13911.3,13598.785
18:37:58.0,13967.718,13918.441,13601.207
18:37:59.0,13975.5,13925.859,13610.167
18:38:00.0,13990.757,13933.246,13617.496
18:38:01.0,14003.957,13940.148,13619.917
18:38:02.0,14013.765,13947.445,13622.734
18:38:03.0,14025.359,13954.347,13625.156
18:38:04.0,14036.015,13961.644,13627.972
18:38:05.0,13915.558,13968.91,13630.394
18:38:06.0,13925.73,13976.085,13632.453
18:38:07.0,13937.355,13987.195,13581.078
18:38:08.0,13948.285,14000.031,13580.988
18:38:09.0,13964.996,14007.296,13581.019
18:38:10.0,13991.515,14014.925,13581.019
18:38:11.0,13999.507,14022.222,13581.019
18:38:12.0,14007.015,14029.367,13581.019
18:38:13.0,14015.917,14036.632,13580.898
18:38:14.0,14027.542,14043.777,13580.898
18:38:15.0,13853.839,13651.933,13580.929
18:38:16.0,13860.378,13651.933,13580.808
18:38:17.0,13866.64,13651.707,13580.808
18:38:18.0,13872.937,13651.738,13580.808
18:38:19.0,13879.144,13651.738,13580.808
18:38:20.0,13885.562,13651.738,13580.839
18:38:21.0,13891.667,13651.738,13580.839
18:38:22.0,13897.914,13651.738,13580.839
18:38:23.0,13904.242,13652.011,13580.839
18:38:24.0,13910.66,13652.011,13580.718
18:38:25.0,13917.078,13652.011,13580.718
18:38:26.0,13923.496,13652.042,13580.718
18:38:27.0,13928.703,13652.042,13580.75
18:38:28.0,13796.351,13652.042,13580.781
18:38:29.0,13796.316,13652.164,13580.781
18:38:30.0,13796.679,13652.164,13580.902
18:38:31.0,13796.71,13652.164,13581.054
18:38:32.0,13796.71,13652.164,13581.054
18:38:33.0,13796.71,13652.195,13581.054
