Elapsed time,192.168.46.15 Memory unit=mb:used
13:50:02.0,14899.699
13:50:03.0,14899.699
13:50:04.0,14899.699
13:50:05.0,14899.714
13:50:06.0,14899.714
13:50:07.0,14899.714
13:50:08.0,14930.558
13:50:09.0,15045.785
13:50:10.0,15061.292
13:50:11.0,15158.625
13:50:12.0,15209.441
13:50:13.0,15215.914
13:50:14.0,15230.195
13:50:15.0,15269.746
13:50:16.0,15304.343
13:50:17.0,15335.355
13:50:18.0,15376.257
13:50:19.0,15400.05
13:50:20.0,15435.691
13:50:21.0,15474.667
13:50:22.0,15504.148
13:50:23.0,15540.73
13:50:24.0,15575.582
13:50:25.0,15599.527
13:50:26.0,15641.417
13:50:27.0,15678.808
13:50:28.0,15715.265
13:50:29.0,15749.675
13:50:30.0,15779.953
13:50:31.0,15791.136
13:50:32.0,15792.23
13:50:33.0,15767.042
13:50:34.0,15779.507
13:50:35.0,15769.519
13:50:36.0,15759.761
13:50:37.0,15774.398
13:50:38.0,15771.847
13:50:39.0,15774.949
13:50:40.0,15760.695
13:50:41.0,15774.683
13:50:42.0,15759.55
13:50:43.0,15774.003
13:50:44.0,15759.566
13:50:45.0,15773.976
13:50:46.0,15759.183
13:50:47.0,15773.273
13:50:48.0,15760.417
13:50:49.0,15772.757
13:50:50.0,15759.027
13:50:51.0,15773.273
13:50:52.0,15760.738
13:50:53.0,15771.894
13:50:54.0,15760.468
13:50:55.0,15770.847
13:50:56.0,15757.652
13:50:57.0,15770.621
13:50:58.0,15758.453
13:50:59.0,15771.019
13:51:00.0,15757.156
13:51:01.0,15768.164
13:51:02.0,15756.875
13:51:03.0,15769.125
13:51:04.0,15756.781
13:51:05.0,15769.691
13:51:06.0,15780.332
13:51:07.0,15769.949
13:51:08.0,15779.007
13:51:09.0,15768.214
13:51:10.0,15780.41
13:51:11.0,15766.16
13:51:12.0,15777.675
13:51:13.0,15764.925
13:51:14.0,15780.343
13:51:15.0,15764.691
13:51:16.0,15778.773
13:51:17.0,15763.746
13:51:18.0,15778.136
13:51:19.0,15762.539
13:51:20.0,15776.46
13:51:21.0,15762.25
13:51:22.0,15777.23
13:51:23.0,15763.527
13:51:24.0,15775.335
13:51:25.0,15762.23
13:51:26.0,15775.246
13:51:27.0,15762.804
13:51:28.0,15773.792
13:51:29.0,15761.324
13:51:30.0,15773.82
13:51:31.0,15761.058
13:51:32.0,15774.347
13:51:33.0,15760.351
13:51:34.0,15773.582
13:51:35.0,15758.734
13:51:36.0,15773.121
13:51:37.0,15757.718
13:51:38.0,15776.695
13:51:39.0,15760.117
13:51:40.0,15774.457
13:51:41.0,15759.574
13:51:42.0,15776.187
13:51:43.0,15759.304
13:51:44.0,15772.925
13:51:45.0,15757.324
13:51:46.0,15771.191
13:51:47.0,15758.363
13:51:48.0,15771.542
13:51:49.0,15756.367
13:51:50.0,15769.082
13:51:51.0,15757.355
13:51:52.0,15772.296
13:51:53.0,15781.46
13:51:54.0,15781.859
13:51:55.0,15777.851
13:51:56.0,15778.078
13:51:57.0,15777.445
13:51:58.0,15778.265
13:51:59.0,15779.125
13:52:00.0,15777.691
13:52:01.0,15779.144
13:52:02.0,15782.507
13:52:03.0,15778.042
13:52:04.0,15756.949
13:52:05.0,15769.609
13:52:06.0,15756.597
13:52:07.0,15771.707
13:52:08.0,15781.453
13:52:09.0,15770.109
13:52:10.0,15756.605
13:52:11.0,15768.132
13:52:12.0,15779.101
13:52:13.0,15766.0
13:52:14.0,15756.511
13:52:15.0,15768.214
13:52:16.0,15780.55
13:52:17.0,15767.253
13:52:18.0,15778.437
13:52:19.0,15779.507
13:52:20.0,15767.757
13:52:21.0,15779.605
13:52:22.0,15765.734
13:52:23.0,15777.902
13:52:24.0,15764.871
13:52:25.0,15777.597
13:52:26.0,15766.039
13:52:27.0,15776.878
13:52:28.0,15764.781
13:52:29.0,15774.691
13:52:30.0,15764.656
13:52:31.0,15776.636
13:52:32.0,15760.675
13:52:33.0,15774.042
13:52:34.0,15759.734
13:52:35.0,15773.527
13:52:36.0,15761.73
13:52:37.0,15772.332
13:52:38.0,15760.039
13:52:39.0,15776.511
13:52:40.0,15757.878
13:52:41.0,15771.605
13:52:42.0,15772.191
13:52:43.0,15770.597
13:52:44.0,15758.031
13:52:45.0,15770.761
13:52:46.0,15781.214
13:52:47.0,15769.421
13:52:48.0,15780.285
13:52:49.0,15767.343
13:52:50.0,15755.718
13:52:51.0,15767.761
13:52:52.0,15778.488
13:52:53.0,15770.156
13:52:54.0,15778.183
13:52:55.0,15765.113
13:52:56.0,15777.054
13:52:57.0,15766.136
13:52:58.0,15776.441
13:52:59.0,15764.89
13:53:00.0,15776.41
13:53:01.0,15764.859
13:53:02.0,15775.992
13:53:03.0,15763.476
13:53:04.0,15774.964
13:53:05.0,15761.742
13:53:06.0,15772.984
13:53:07.0,15759.253
13:53:08.0,15773.617
13:53:09.0,15760.855
13:53:10.0,15771.625
13:53:11.0,15758.953
13:53:12.0,15773.953
13:53:13.0,15758.191
13:53:14.0,15771.679
13:53:15.0,15757.339
13:53:16.0,15769.398
13:53:17.0,15759.289
13:53:18.0,15770.031
13:53:19.0,15755.164
13:53:20.0,15767.324
13:53:21.0,15778.843
13:53:22.0,15765.73
13:53:23.0,15779.566
13:53:24.0,15765.894
13:53:25.0,15777.773
13:53:26.0,15766.386
13:53:27.0,15777.718
13:53:28.0,15765.156
13:53:29.0,15776.742
13:53:30.0,15762.062
13:53:31.0,15778.687
13:53:32.0,15763.425
13:53:33.0,15773.722
13:53:34.0,15761.035
13:53:35.0,15771.355
13:53:36.0,15761.738
13:53:37.0,15772.828
13:53:38.0,15759.101
13:53:39.0,15773.195
13:53:40.0,15759.585
13:53:41.0,15773.089
13:53:42.0,15758.472
13:53:43.0,15773.3
13:53:44.0,15757.589
13:53:45.0,15768.906
13:53:46.0,15755.273
13:53:47.0,15768.863
13:53:48.0,15779.855
13:53:49.0,15768.917
13:53:50.0,15779.0
13:53:51.0,15769.902
13:53:52.0,15777.488
13:53:53.0,15769.031
13:53:54.0,15777.585
13:53:55.0,15765.898
13:53:56.0,15777.292
13:53:57.0,15763.015
13:53:58.0,15777.136
13:53:59.0,15761.703
13:54:00.0,15777.66
13:54:01.0,15760.972
13:54:02.0,15773.062
13:54:03.0,15760.25
13:54:04.0,15775.64
13:54:05.0,15759.875
13:54:06.0,15772.101
13:54:07.0,15760.421
13:54:08.0,15772.535
13:54:09.0,15761.527
13:54:10.0,15771.812
13:54:11.0,15757.769
13:54:12.0,15770.828
13:54:13.0,15772.324
13:54:14.0,15778.558
13:54:15.0,15778.05
13:54:16.0,15778.812
13:54:17.0,15780.406
13:54:18.0,15779.914
13:54:19.0,15780.472
13:54:20.0,15777.964
13:54:21.0,15778.55
13:54:22.0,15779.882
13:54:23.0,15779.976
13:54:24.0,15780.687
13:54:25.0,15781.386
13:54:26.0,15782.136
13:54:27.0,15781.191
13:54:28.0,15782.23
13:54:29.0,15777.925
13:54:30.0,15780.468
13:54:31.0,15780.007
13:54:32.0,15778.41
13:54:33.0,15781.769
13:54:34.0,15781.48
13:54:35.0,15782.167
13:54:36.0,15780.808
13:54:37.0,15780.07
13:54:38.0,15779.617
13:54:39.0,15781.671
13:54:40.0,15775.421
13:54:41.0,15781.238
13:54:42.0,15778.355
13:54:43.0,15781.269
13:54:44.0,15778.886
13:54:45.0,15767.796
13:54:46.0,15779.031
13:54:47.0,15770.605
13:54:48.0,15779.324
13:54:49.0,15768.808
13:54:50.0,15778.343
13:54:51.0,15766.617
13:54:52.0,15778.421
13:54:53.0,15768.496
13:54:54.0,15777.726
13:54:55.0,15766.695
13:54:56.0,15775.148
13:54:57.0,15761.378
13:54:58.0,15774.343
13:54:59.0,15780.781
13:55:00.0,15777.8
13:55:01.0,15782.402
13:55:02.0,15781.531
13:55:03.0,15781.609
13:55:04.0,15780.824
13:55:05.0,15777.757
13:55:06.0,15781.867
13:55:07.0,15777.878
13:55:08.0,15758.011
13:55:09.0,15768.128
13:55:10.0,15767.816
13:55:11.0,15767.91
13:55:12.0,15767.894
13:55:13.0,15767.894
13:55:14.0,15767.894
13:55:15.0,15767.894
13:55:16.0,15767.894
13:55:17.0,15767.91
13:55:18.0,15767.925
13:55:19.0,15767.855
13:55:20.0,15767.855
13:55:21.0,15767.855
13:55:22.0,15767.855
13:55:23.0,15767.855
13:55:24.0,15767.855
13:55:25.0,15767.855
13:55:26.0,15767.855
13:55:27.0,15767.855
13:55:28.0,15767.855
13:55:29.0,15770.98
13:55:30.0,15772.058
13:55:31.0,15782.488
13:55:32.0,15766.562
13:55:33.0,15780.078
13:55:34.0,15764.996
13:55:35.0,15780.062
13:55:36.0,15765.445
13:55:37.0,15776.23
13:55:38.0,15767.949
13:55:39.0,15776.007
13:55:40.0,15762.714
13:55:41.0,15776.199
13:55:42.0,15764.343
13:55:43.0,15775.253
13:55:44.0,15760.613
13:55:45.0,15773.261
13:55:46.0,15761.625
13:55:47.0,15774.734
13:55:48.0,15759.519
13:55:49.0,15774.753
13:55:50.0,15760.621
13:55:51.0,15773.062
13:55:52.0,15760.82
13:55:53.0,15773.16
13:55:54.0,15757.589
13:55:55.0,15770.246
13:55:56.0,15759.175
13:55:57.0,15770.132
13:55:58.0,15757.324
13:55:59.0,15768.398
13:56:00.0,15761.949
13:56:01.0,15768.007
13:56:02.0,15780.164
13:56:03.0,15768.777
13:56:04.0,15756.773
13:56:05.0,15767.035
13:56:06.0,15757.222
13:56:07.0,15767.386
13:56:08.0,15781.132
13:56:09.0,15764.066
13:56:10.0,15780.91
13:56:11.0,15764.492
13:56:12.0,15775.492
13:56:13.0,15763.277
13:56:14.0,15773.671
13:56:15.0,15760.972
13:56:16.0,15772.515
13:56:17.0,15760.695
13:56:18.0,15772.476
13:56:19.0,15760.574
13:56:20.0,15773.699
13:56:21.0,15760.214
13:56:22.0,15773.332
13:56:23.0,15758.625
13:56:24.0,15769.23
13:56:25.0,15757.109
13:56:26.0,15770.488
13:56:27.0,15780.093
13:56:28.0,15770.421
13:56:29.0,15779.441
13:56:30.0,15768.628
13:56:31.0,15778.5
13:56:32.0,15769.113
13:56:33.0,15778.488
13:56:34.0,15767.699
13:56:35.0,15777.769
13:56:36.0,15765.453
13:56:37.0,15778.109
13:56:38.0,15764.699
13:56:39.0,15779.41
13:56:40.0,15762.613
13:56:41.0,15776.953
13:56:42.0,15760.109
13:56:43.0,15776.812
13:56:44.0,15762.355
13:56:45.0,15771.234
13:56:46.0,15775.082
13:56:47.0,15778.644
13:56:48.0,15782.511
13:56:49.0,15781.117
13:56:50.0,15778.066
13:56:51.0,15782.011
13:56:52.0,15780.105
13:56:53.0,15779.285
13:56:54.0,15775.027
13:56:55.0,15780.375
13:56:56.0,15781.3
13:56:57.0,15779.449
13:56:58.0,15766.531
13:56:59.0,15778.21
13:57:00.0,15763.628
13:57:01.0,15777.621
13:57:02.0,15767.476
13:57:03.0,15775.75
13:57:04.0,15762.355
13:57:05.0,15774.507
13:57:06.0,15763.324
13:57:07.0,15774.167
13:57:08.0,15765.32
13:57:09.0,15773.574
13:57:10.0,15764.023
13:57:11.0,15773.101
13:57:12.0,15772.46
13:57:13.0,15759.421
13:57:14.0,15770.593
13:57:15.0,15759.449
13:57:16.0,15769.71
13:57:17.0,15757.292
13:57:18.0,15769.296
13:57:19.0,15757.894
13:57:20.0,15768.562
13:57:21.0,15756.21
13:57:22.0,15768.402
13:57:23.0,15756.496
13:57:24.0,15767.972
13:57:25.0,15779.914
13:57:26.0,15764.121
13:57:27.0,15778.73
13:57:28.0,15763.304
13:57:29.0,15775.007
13:57:30.0,15762.457
13:57:31.0,15773.191
13:57:32.0,15762.308
13:57:33.0,15772.859
13:57:34.0,15757.457
13:57:35.0,15770.367
13:57:36.0,15758.253
13:57:37.0,15769.582
13:57:38.0,15756.398
13:57:39.0,15771.578
13:57:40.0,15755.871
13:57:41.0,15769.542
13:57:42.0,15779.187
13:57:43.0,15767.765
13:57:44.0,15778.91
13:57:45.0,15764.214
13:57:46.0,15776.421
13:57:47.0,15765.402
13:57:48.0,15778.292
13:57:49.0,15762.75
13:57:50.0,15777.687
13:57:51.0,15761.722
13:57:52.0,15774.164
13:57:53.0,15760.855
13:57:54.0,15776.875
13:57:55.0,15758.933
13:57:56.0,15773.746
13:57:57.0,15782.66
13:57:58.0,15773.054
13:57:59.0,15758.39
13:58:00.0,15770.265
13:58:01.0,15757.171
13:58:02.0,15769.953
13:58:03.0,15755.886
13:58:04.0,15769.261
13:58:05.0,15757.621
13:58:06.0,15768.824
13:58:07.0,15780.539
13:58:08.0,15766.828
13:58:09.0,15779.234
13:58:10.0,15766.207
13:58:11.0,15776.652
13:58:12.0,15761.886
13:58:13.0,15778.355
13:58:14.0,15762.578
13:58:15.0,15778.328
13:58:16.0,15762.628
13:58:17.0,15776.332
13:58:18.0,15761.984
13:58:19.0,15773.695
13:58:20.0,15759.179
13:58:21.0,15773.972
13:58:22.0,15762.128
13:58:23.0,15772.605
13:58:24.0,15759.187
13:58:25.0,15769.996
13:58:26.0,15756.789
13:58:27.0,15769.156
13:58:28.0,15756.785
13:58:29.0,15767.078
13:58:30.0,15755.957
13:58:31.0,15770.55
13:58:32.0,15780.824
13:58:33.0,15764.253
13:58:34.0,15781.039
13:58:35.0,15765.183
13:58:36.0,15776.847
13:58:37.0,15767.062
13:58:38.0,15777.539
13:58:39.0,15764.66
13:58:40.0,15775.05
13:58:41.0,15764.378
13:58:42.0,15773.363
13:58:43.0,15762.132
13:58:44.0,15774.652
13:58:45.0,15761.992
13:58:46.0,15770.953
13:58:47.0,15760.886
13:58:48.0,15771.175
13:58:49.0,15759.91
13:58:50.0,15771.695
13:58:51.0,15758.91
13:58:52.0,15769.75
13:58:53.0,15759.718
13:58:54.0,15769.335
13:58:55.0,15756.21
13:58:56.0,15767.98
13:58:57.0,15780.464
13:58:58.0,15767.562
13:58:59.0,15778.82
13:59:00.0,15766.207
13:59:01.0,15776.742
13:59:02.0,15766.761
13:59:03.0,15777.078
13:59:04.0,15768.71
13:59:05.0,15757.218
13:59:06.0,15769.015
13:59:07.0,15780.898
13:59:08.0,15761.566
13:59:09.0,15775.558
13:59:10.0,15778.566
13:59:11.0,15778.023
13:59:12.0,15778.39
13:59:13.0,15782.3
13:59:14.0,15778.625
13:59:15.0,15778.324
13:59:16.0,15779.488
13:59:17.0,15779.644
13:59:18.0,15780.265
13:59:19.0,15782.371
13:59:20.0,15782.062
13:59:21.0,15782.796
13:59:22.0,15778.214
13:59:23.0,15777.582
13:59:24.0,15780.527
13:59:25.0,15778.187
13:59:26.0,15777.671
13:59:27.0,15778.742
13:59:28.0,15782.808
13:59:29.0,15778.628
13:59:30.0,15782.566
13:59:31.0,15781.55
13:59:32.0,15778.375
13:59:33.0,15778.542
13:59:34.0,15779.695
13:59:35.0,15773.324
13:59:36.0,15782.8
13:59:37.0,15779.074
13:59:38.0,15782.128
13:59:39.0,15779.73
13:59:40.0,15757.777
13:59:41.0,15767.546
13:59:42.0,15781.531
13:59:43.0,15768.347
13:59:44.0,15781.164
13:59:45.0,15769.699
13:59:46.0,15757.175
13:59:47.0,15765.855
13:59:48.0,15780.359
13:59:49.0,15764.871
13:59:50.0,15778.246
13:59:51.0,15762.921
13:59:52.0,15774.261
13:59:53.0,15761.332
13:59:54.0,15775.578
13:59:55.0,15780.902
13:59:56.0,15782.375
13:59:57.0,15779.007
13:59:58.0,15778.652
13:59:59.0,15780.128
14:00:00.0,15779.988
14:00:01.0,15781.289
14:00:02.0,15780.054
14:00:03.0,15775.019
14:00:04.0,15781.14
14:00:05.0,15770.199
14:00:06.0,15757.062
14:00:07.0,15767.648
14:00:08.0,15781.593
14:00:09.0,15767.144
14:00:10.0,15778.558
14:00:11.0,15764.042
14:00:12.0,15777.539
14:00:13.0,15765.132
14:00:14.0,15775.039
14:00:15.0,15762.359
14:00:16.0,15775.605
14:00:17.0,15763.316
14:00:18.0,15774.343
14:00:19.0,15760.441
14:00:20.0,15773.023
14:00:21.0,15760.214
14:00:22.0,15772.804
14:00:23.0,15757.316
14:00:24.0,15771.859
14:00:25.0,15760.343
14:00:26.0,15771.585
14:00:27.0,15782.531
14:00:28.0,15768.46
14:00:29.0,15782.156
14:00:30.0,15767.769
14:00:31.0,15781.531
14:00:32.0,15769.589
14:00:33.0,15780.3
14:00:34.0,15767.964
14:00:35.0,15756.386
14:00:36.0,15765.843
14:00:37.0,15756.093
14:00:38.0,15763.851
14:00:39.0,15778.113
14:00:40.0,15763.449
14:00:41.0,15777.511
14:00:42.0,15763.5
14:00:43.0,15776.265
14:00:44.0,15763.73
14:00:45.0,15778.019
14:00:46.0,15763.355
14:00:47.0,15774.3
14:00:48.0,15761.562
14:00:49.0,15774.152
14:00:50.0,15760.785
14:00:51.0,15772.167
14:00:52.0,15758.945
14:00:53.0,15768.019
14:00:54.0,15759.968
14:00:55.0,15770.363
14:00:56.0,15781.062
14:00:57.0,15768.437
14:00:58.0,15756.214
14:00:59.0,15767.675
14:01:00.0,15780.242
14:01:01.0,15765.781
14:01:02.0,15777.289
14:01:03.0,15765.433
14:01:04.0,15778.582
14:01:05.0,15764.273
14:01:06.0,15776.265
14:01:07.0,15762.703
14:01:08.0,15776.105
14:01:09.0,15761.64
14:01:10.0,15772.808
14:01:11.0,15765.203
14:01:12.0,15772.539
14:01:13.0,15761.937
14:01:14.0,15773.003
14:01:15.0,15760.851
14:01:16.0,15772.878
14:01:17.0,15757.589
14:01:18.0,15773.027
14:01:19.0,15759.992
14:01:20.0,15770.363
14:01:21.0,15759.39
14:01:22.0,15768.82
14:01:23.0,15782.042
14:01:24.0,15779.609
14:01:25.0,15782.476
14:01:26.0,15772.714
14:01:27.0,15776.156
14:01:28.0,15763.234
14:01:29.0,15783.078
14:01:30.0,15760.843
14:01:31.0,15779.773
14:01:32.0,15773.003
14:01:33.0,15778.921
14:01:34.0,15780.062
14:01:35.0,15774.703
14:01:36.0,15782.507
14:01:37.0,15772.41
14:01:38.0,15772.511
14:01:39.0,15777.468
14:01:40.0,15783.042
14:01:41.0,15756.292
14:01:42.0,15771.339
14:01:43.0,15799.597
14:01:44.0,15786.718
14:01:45.0,15799.453
14:01:46.0,15799.324
14:01:47.0,14607.843
14:01:48.0,15308.386
14:01:49.0,15671.027
14:01:50.0,15775.324
14:01:51.0,15788.003
14:01:52.0,15781.066
14:01:53.0,14682.816
14:01:54.0,13698.792
14:01:55.0,13710.406
14:01:56.0,13718.992
14:01:57.0,13729.382
14:01:58.0,11660.675
14:01:59.0,12329.89
14:02:00.0,13734.378
14:02:01.0,13861.132
14:02:02.0,13861.214
14:02:03.0,13861.121
14:02:04.0,13861.242
14:02:05.0,13861.589
14:02:06.0,11780.324
14:02:07.0,11780.324
14:02:08.0,11781.3
14:02:09.0,11781.285
14:02:10.0,11956.296
14:02:11.0,12463.003
14:02:12.0,12972.027
14:02:13.0,13480.324
14:02:14.0,13842.359
14:02:15.0,13881.773
14:02:16.0,14212.707
14:02:17.0,14571.257
14:02:18.0,14934.863
14:02:19.0,15019.503
14:02:20.0,15020.058
14:02:21.0,15211.027
14:02:22.0,15211.273
14:02:23.0,15211.21
14:02:24.0,15211.148
14:02:25.0,15212.667
14:02:26.0,15212.48
14:02:27.0,15219.867
14:02:28.0,15228.597
14:02:29.0,15228.531
14:02:30.0,15228.468
14:02:31.0,15228.781
14:02:32.0,15228.468
14:02:33.0,15220.23
14:02:34.0,15220.628
14:02:35.0,15211.656
14:02:36.0,15211.945
14:02:37.0,15212.929
14:02:38.0,15212.96
14:02:39.0,15213.585
14:02:40.0,15213.054
14:02:41.0,15213.148
14:02:42.0,15213.07
14:02:43.0,15213.164
14:02:44.0,15213.257
14:02:45.0,15214.644
14:02:46.0,15214.304
14:02:47.0,15214.492
14:02:48.0,15214.332
14:02:49.0,15214.457
14:02:50.0,15214.734
14:02:51.0,15215.632
14:02:52.0,15215.695
14:02:53.0,15215.617
14:02:54.0,15215.96
14:02:55.0,15215.804
14:02:56.0,15216.109
14:02:57.0,15216.187
14:02:58.0,15216.628
14:02:59.0,15216.597
14:03:00.0,15216.785
14:03:01.0,15216.535
14:03:02.0,15216.753
14:03:03.0,15216.566
14:03:04.0,15216.316
14:03:05.0,15216.472
14:03:06.0,15216.296
14:03:07.0,15216.167
14:03:08.0,15216.136
14:03:09.0,15216.011
14:03:10.0,15215.98
14:03:11.0,15216.074
14:03:12.0,15216.261
14:03:13.0,15215.98
14:03:14.0,15216.324
14:03:15.0,15215.917
14:03:16.0,15215.984
14:03:17.0,15216.011
14:03:18.0,15216.011
14:03:19.0,15216.621
14:03:20.0,15216.214
14:03:21.0,15215.964
14:03:22.0,15216.402
14:03:23.0,15216.246
14:03:24.0,15216.121
14:03:25.0,15217.003
14:03:26.0,15217.816
14:03:27.0,15218.035
14:03:28.0,15218.093
14:03:29.0,15217.906
14:03:30.0,15218.156
14:03:31.0,15218.031
14:03:32.0,15217.968
14:03:33.0,15217.968
14:03:34.0,15217.984
14:03:35.0,15217.953
14:03:36.0,15218.164
14:03:37.0,15211.175
14:03:38.0,15212.972
14:03:39.0,15213.308
14:03:40.0,15213.121
14:03:41.0,15213.277
14:03:42.0,15213.183
14:03:43.0,15213.105
14:03:44.0,15213.226
14:03:45.0,15213.257
14:03:46.0,15213.07
14:03:47.0,15213.703
14:03:48.0,15213.64
14:03:49.0,15213.796
14:03:50.0,15213.484
14:03:51.0,15213.578
14:03:52.0,15213.609
14:03:53.0,15213.703
14:03:54.0,15213.515
14:03:55.0,15213.64
14:03:56.0,15213.609
14:03:57.0,15202.539
14:03:58.0,15202.671
14:03:59.0,15202.765
14:04:00.0,15202.796
14:04:01.0,15202.796
14:04:02.0,15202.886
14:04:03.0,15202.855
14:04:04.0,15202.917
14:04:05.0,15202.917
14:04:06.0,15202.824
14:04:07.0,15197.195
14:04:08.0,15197.437
14:04:09.0,15197.667
14:04:10.0,15197.667
14:04:11.0,15197.324
14:04:12.0,15197.417
14:04:13.0,15197.726
14:04:14.0,15197.632
14:04:15.0,15197.632
14:04:16.0,15197.726
14:04:17.0,15197.847
14:04:18.0,15192.089
14:04:19.0,15192.214
14:04:20.0,15191.871
14:04:21.0,15192.523
14:04:22.0,15192.023
14:04:23.0,15192.515
14:04:24.0,15192.453
14:04:25.0,15192.968
14:04:26.0,15192.375
14:04:27.0,15192.5
14:04:28.0,15192.414
14:04:29.0,15192.507
14:04:30.0,15192.414
14:04:31.0,15192.507
14:04:32.0,15192.445
14:04:33.0,15192.164
14:04:34.0,15192.445
14:04:35.0,15192.757
14:04:36.0,15192.57
14:04:37.0,15192.664
14:04:38.0,15192.32
14:04:39.0,15192.57
14:04:40.0,15192.57
14:04:41.0,15192.726
14:04:42.0,15192.535
14:04:43.0,15192.675
14:04:44.0,15192.644
14:04:45.0,15192.582
14:04:46.0,15192.613
14:04:47.0,15192.425
14:04:48.0,15192.55
14:04:49.0,15192.488
14:04:50.0,15192.957
14:04:51.0,15192.55
14:04:52.0,15192.8
14:04:53.0,15192.738
14:04:54.0,15192.613
14:04:55.0,15192.863
14:04:56.0,15192.644
14:04:57.0,15192.519
14:04:58.0,15192.613
14:04:59.0,15192.472
14:05:00.0,15192.66
14:05:01.0,15192.535
14:05:02.0,15192.691
14:05:03.0,15192.597
14:05:04.0,15192.628
14:05:05.0,15192.628
14:05:06.0,15192.691
14:05:07.0,15192.628
14:05:08.0,15192.472
14:05:09.0,15192.378
14:05:10.0,15192.628
14:05:11.0,15192.722
14:05:12.0,15192.691
14:05:13.0,15192.753
14:05:14.0,15192.722
14:05:15.0,15192.753
14:05:16.0,15192.66
14:05:17.0,15192.972
14:05:18.0,15192.875
14:05:19.0,15192.812
14:05:20.0,15193.062
14:05:21.0,15192.781
14:05:22.0,15192.906
14:05:23.0,15192.906
14:05:24.0,15192.687
14:05:25.0,15192.746
14:05:26.0,15193.058
14:05:27.0,15192.683
14:05:28.0,15192.871
14:05:29.0,15192.839
14:05:30.0,15192.777
14:05:31.0,15193.027
14:05:32.0,15192.871
14:05:33.0,15192.964
14:05:34.0,15193.058
14:05:35.0,15192.808
14:05:36.0,15192.871
14:05:37.0,15192.917
14:05:38.0,15192.949
14:05:39.0,15192.73
14:05:40.0,15192.917
14:05:41.0,15193.011
14:05:42.0,15193.011
14:05:43.0,15192.914
14:05:44.0,15192.882
14:05:45.0,15192.976
14:05:46.0,15193.101
14:05:47.0,15192.82
14:05:48.0,15193.16
14:05:49.0,15193.16
14:05:50.0,15193.097
14:05:51.0,15193.066
14:05:52.0,15193.535
14:05:53.0,15193.285
14:05:54.0,15193.285
14:05:55.0,15193.535
14:05:56.0,15192.91
14:05:57.0,15193.253
14:05:58.0,15193.375
14:05:59.0,15193.156
14:06:00.0,15193.187
14:06:01.0,15193.593
14:06:02.0,15193.484
14:06:03.0,15193.296
14:06:04.0,15193.203
14:06:05.0,15193.171
14:06:06.0,15193.328
14:06:07.0,15193.203
14:06:08.0,15193.261
14:06:09.0,15193.636
14:06:10.0,15193.324
14:06:11.0,15193.48
14:06:12.0,15193.417
14:06:13.0,15193.73
14:06:14.0,15193.386
14:06:15.0,15193.433
14:06:16.0,15193.589
14:06:17.0,15193.496
14:06:18.0,15193.433
14:06:19.0,15193.433
14:06:20.0,15193.339
14:06:21.0,15193.558
14:06:22.0,15193.339
14:06:23.0,15193.308
14:06:24.0,15193.496
14:06:25.0,15193.527
14:06:26.0,15193.246
14:06:27.0,15193.308
14:06:28.0,15193.621
14:06:29.0,15193.308
14:06:30.0,15193.496
14:06:31.0,15193.449
14:06:32.0,15193.855
14:06:33.0,15193.48
14:06:34.0,15193.386
14:06:35.0,15193.636
14:06:36.0,15193.324
14:06:37.0,15193.167
14:06:38.0,15193.539
14:06:39.0,15193.632
14:06:40.0,15193.445
14:06:41.0,15193.695
14:06:42.0,15193.476
14:06:43.0,15193.507
14:06:44.0,15193.414
14:06:45.0,15193.398
14:06:46.0,15193.648
14:06:47.0,15193.679
14:06:48.0,15193.46
14:06:49.0,15193.414
14:06:50.0,15193.976
14:06:51.0,15193.57
14:06:52.0,15193.753
14:06:53.0,15193.566
14:06:54.0,15193.722
14:06:55.0,15193.5
14:06:56.0,15194.062
14:06:57.0,15194.433
14:06:58.0,15194.527
14:06:59.0,15194.371
14:07:00.0,15194.308
14:07:01.0,15194.367
14:07:02.0,15194.617
14:07:03.0,15194.367
14:07:04.0,15194.554
14:07:05.0,15194.304
14:07:06.0,15194.972
14:07:07.0,15195.808
14:07:08.0,15195.902
14:07:09.0,15195.933
14:07:10.0,15757.07
14:07:11.0,15749.792
14:07:12.0,15096.832
14:07:13.0,15770.011
14:07:14.0,15770.113
14:07:15.0,15776.894
14:07:16.0,15762.179
14:07:17.0,13703.621
14:07:18.0,14577.753
14:07:19.0,15477.355
14:07:20.0,14779.164
14:07:21.0,15765.015
14:07:22.0,15773.402
14:07:23.0,15777.753
14:07:24.0,15771.855
14:07:25.0,15765.609
14:07:26.0,15776.925
14:07:27.0,13750.8
14:07:28.0,14973.984
14:07:29.0,15762.5
14:07:30.0,14863.347
14:07:31.0,15781.738
14:07:32.0,15780.328
14:07:33.0,15782.679
14:07:34.0,15778.652
14:07:35.0,15783.07
14:07:36.0,15779.609
14:07:37.0,15783.203
14:07:38.0,13706.296
14:07:39.0,13208.714
14:07:40.0,14661.378
14:07:41.0,15651.425
14:07:42.0,15652.859
14:07:43.0,15655.257
14:07:44.0,15656.468
14:07:45.0,15658.253
14:07:46.0,15660.64
14:07:47.0,13579.878
14:07:48.0,14014.011
14:07:49.0,14511.746
14:07:50.0,15021.609
14:07:51.0,15509.878
14:07:52.0,15759.386
14:07:53.0,15779.261
14:07:54.0,15767.171
14:07:55.0,15770.144
14:07:56.0,15779.652
14:07:57.0,15779.957
14:07:58.0,15779.785
14:07:59.0,15779.8
14:08:00.0,15779.644
14:08:01.0,15774.64
14:08:02.0,15781.003
14:08:03.0,15763.156
14:08:04.0,15757.734
14:08:05.0,15770.179
14:08:06.0,15760.492
14:08:07.0,15771.98
14:08:08.0,15771.589
14:08:09.0,15772.355
14:08:10.0,15772.039
14:08:11.0,15771.371
14:08:12.0,15782.027
14:08:13.0,15768.898
14:08:14.0,15772.808
14:08:15.0,15776.636
14:08:16.0,15780.406
14:08:17.0,15755.183
14:08:18.0,15758.398
14:08:19.0,15762.277
14:08:20.0,15765.996
14:08:21.0,15769.539
14:08:22.0,15773.23
14:08:23.0,15777.203
14:08:24.0,15780.496
14:08:25.0,15754.429
14:08:26.0,15758.636
14:08:27.0,15762.347
14:08:28.0,15766.156
14:08:29.0,15769.753
14:08:30.0,15773.23
14:08:31.0,15777.199
14:08:32.0,15753.468
14:08:33.0,15756.066
14:08:34.0,15759.789
14:08:35.0,15763.484
14:08:36.0,15767.054
14:08:37.0,15770.675
14:08:38.0,15775.195
14:08:39.0,15778.488
14:08:40.0,15753.875
14:08:41.0,15757.175
14:08:42.0,15760.437
14:08:43.0,15763.742
14:08:44.0,15767.707
14:08:45.0,15771.703
14:08:46.0,15775.457
14:08:47.0,15779.316
14:08:48.0,15754.808
14:08:49.0,15758.242
14:08:50.0,15762.484
14:08:51.0,15766.117
14:08:52.0,15769.804
14:08:53.0,15773.472
14:08:54.0,15777.304
14:08:55.0,15754.023
14:08:56.0,15757.996
14:08:57.0,15761.242
14:08:58.0,15764.242
14:08:59.0,15768.082
14:09:00.0,15771.203
14:09:01.0,15774.773
14:09:02.0,15775.593
14:09:03.0,15775.437
14:09:04.0,15768.964
14:09:05.0,15768.902
14:09:06.0,15768.839
14:09:07.0,15768.871
14:09:08.0,15768.933
14:09:09.0,15768.996
14:09:10.0,15768.933
14:09:11.0,15768.777
14:09:12.0,15768.871
14:09:13.0,15768.98
14:09:14.0,15763.546
14:09:15.0,15763.55
14:09:16.0,15763.613
14:09:17.0,15763.64
14:09:18.0,15763.765
14:09:19.0,15763.64
14:09:20.0,15763.546
14:09:21.0,15763.609
14:09:22.0,15763.765
14:09:23.0,15763.671
14:09:24.0,15763.734
14:09:25.0,15763.64
14:09:26.0,15763.824
14:09:27.0,15764.042
14:09:28.0,15763.917
14:09:29.0,15763.855
14:09:30.0,15763.792
14:09:31.0,15763.917
14:09:32.0,15764.074
14:09:33.0,15763.761
14:09:34.0,15763.761
14:09:35.0,15763.824
14:09:36.0,15763.996
14:09:37.0,15763.902
14:09:38.0,15763.902
14:09:39.0,15763.933
14:09:40.0,15763.652
14:09:41.0,15763.558
14:09:42.0,15763.714
14:09:43.0,15763.902
14:09:44.0,15764.027
14:09:45.0,15763.933
14:09:46.0,15763.933
14:09:47.0,15763.996
14:09:48.0,15763.996
14:09:49.0,15763.496
14:09:50.0,15763.871
14:09:51.0,15763.957
14:09:52.0,15764.097
14:09:53.0,15763.972
14:09:54.0,15764.003
14:09:55.0,15764.16
14:09:56.0,15763.972
14:09:57.0,15764.066
14:09:58.0,15764.082
14:09:59.0,15764.144
14:10:00.0,15764.285
14:10:01.0,15764.238
14:10:02.0,15764.082
14:10:03.0,15763.988
14:10:04.0,15764.449
14:10:05.0,15764.261
14:10:06.0,15764.386
14:10:07.0,15764.261
14:10:08.0,15764.324
14:10:09.0,15764.324
14:10:10.0,15764.261
14:10:11.0,15764.167
14:10:12.0,15764.199
14:10:13.0,15764.449
14:10:14.0,15764.449
14:10:15.0,15764.355
14:10:16.0,15758.71
14:10:17.0,15758.742
14:10:18.0,15758.898
14:10:19.0,15758.757
14:10:20.0,15758.742
14:10:21.0,15758.769
14:10:22.0,15758.957
14:10:23.0,15758.988
14:10:24.0,15758.894
14:10:25.0,15759.109
14:10:26.0,15754.417
14:10:27.0,15754.386
14:10:28.0,15754.55
14:10:29.0,15754.613
14:10:30.0,15754.738
14:10:31.0,15754.55
14:10:32.0,15754.394
14:10:33.0,15754.363
14:10:34.0,15754.425
14:10:35.0,15754.3
14:10:36.0,15754.425
14:10:37.0,15754.765
14:10:38.0,15754.578
14:10:39.0,15754.515
14:10:40.0,15754.562
14:10:41.0,15754.5
14:10:42.0,15754.531
14:10:43.0,15754.777
14:10:44.0,15754.621
14:10:45.0,15754.933
14:10:46.0,15754.933
14:10:47.0,15754.902
14:10:48.0,15754.871
14:10:49.0,15754.683
14:10:50.0,15754.777
14:10:51.0,15754.652
14:10:52.0,15754.746
14:10:53.0,15754.683
14:10:54.0,15754.683
14:10:55.0,15754.886
14:10:56.0,15754.792
14:10:57.0,15754.855
14:10:58.0,15754.945
14:10:59.0,15755.101
14:11:00.0,15754.789
14:11:01.0,15754.878
14:11:02.0,15754.8
14:11:03.0,15754.925
14:11:04.0,15754.988
14:11:05.0,15754.957
14:11:06.0,15754.925
14:11:07.0,15754.921
14:11:08.0,15754.984
14:11:09.0,15755.171
14:11:10.0,15755.109
14:11:11.0,15755.14
14:11:12.0,15755.109
14:11:13.0,15755.015
14:11:14.0,15755.109
14:11:15.0,15755.109
14:11:16.0,15755.203
14:11:17.0,15755.187
14:11:18.0,15755.031
14:11:19.0,15755.093
14:11:20.0,15755.093
14:11:21.0,15754.968
14:11:22.0,15754.968
14:11:23.0,15755.187
14:11:24.0,15755.125
14:11:25.0,15754.968
14:11:26.0,15755.277
14:11:27.0,15755.308
14:11:28.0,15755.089
14:11:29.0,15755.183
14:11:30.0,15755.292
14:11:31.0,15755.105
14:11:32.0,15754.98
14:11:33.0,15755.167
14:11:34.0,15755.136
14:11:35.0,15755.292
14:11:36.0,15755.042
14:11:37.0,15755.074
14:11:38.0,15749.613
14:11:39.0,15749.707
14:11:40.0,15749.457
14:11:41.0,15749.64
14:11:42.0,15749.828
14:11:43.0,15749.796
14:11:44.0,15749.64
14:11:45.0,15749.792
14:11:46.0,15749.949
14:11:47.0,15749.98
14:11:48.0,15749.824
14:11:49.0,15749.855
14:11:50.0,15749.886
14:11:51.0,15749.855
14:11:52.0,15749.886
14:11:53.0,15750.042
14:11:54.0,15749.761
14:11:55.0,15749.945
14:11:56.0,15750.007
14:11:57.0,15749.882
14:11:58.0,15749.867
14:11:59.0,15749.867
14:12:00.0,15749.929
14:12:01.0,15750.07
14:12:02.0,15749.929
14:12:03.0,15749.992
14:12:04.0,15750.222
14:12:05.0,15750.066
14:12:06.0,15750.128
14:12:07.0,15750.003
14:12:08.0,15750.066
14:12:09.0,15750.191
14:12:10.0,15750.097
14:12:11.0,15750.066
14:12:12.0,15750.066
14:12:13.0,15750.156
14:12:14.0,15750.031
14:12:15.0,15750.156
14:12:16.0,15750.187
14:12:17.0,15750.187
14:12:18.0,15750.406
14:12:19.0,15750.25
14:12:20.0,15750.203
14:12:21.0,15750.074
14:12:22.0,15750.417
14:12:23.0,15750.355
14:12:24.0,15750.386
14:12:25.0,15750.417
14:12:26.0,15750.511
14:12:27.0,15750.511
14:12:28.0,15750.605
14:12:29.0,15750.46
14:12:30.0,15753.304
14:12:31.0,15756.664
14:12:32.0,15756.82
14:12:33.0,15756.82
14:12:34.0,15756.726
14:12:35.0,15756.82
14:12:36.0,15760.05
14:12:37.0,15763.746
14:12:38.0,15767.718
14:12:39.0,15770.925
14:12:40.0,15761.523
14:12:41.0,15769.945
14:12:42.0,15763.48
14:12:43.0,14962.414
14:12:44.0,15777.425
14:12:45.0,15747.859
14:12:46.0,15780.308
14:12:47.0,15767.652
14:12:48.0,15777.316
14:12:49.0,14169.027
14:12:50.0,15513.726
14:12:51.0,15762.042
14:12:52.0,15768.769
14:12:53.0,15759.839
14:12:54.0,15793.714
14:12:55.0,15793.945
14:12:56.0,15794.175
14:12:57.0,15792.761
14:12:58.0,15791.453
14:12:59.0,13715.269
14:13:00.0,13727.769
14:13:01.0,14979.703
14:13:02.0,15781.191
14:13:03.0,15773.031
14:13:04.0,15760.71
14:13:05.0,15777.054
14:13:06.0,15778.82
14:13:07.0,15762.621
14:13:08.0,15764.609
14:13:09.0,15766.453
14:13:10.0,15783.265
14:13:11.0,13701.234
14:13:12.0,14318.605
14:13:13.0,15200.652
14:13:14.0,15782.902
14:13:15.0,15578.25
14:13:16.0,15782.164
14:13:17.0,15771.964
14:13:18.0,15773.648
14:13:19.0,15775.66
14:13:20.0,15777.105
14:13:21.0,15780.074
14:13:22.0,15762.453
14:13:23.0,13686.132
14:13:24.0,14135.937
14:13:25.0,14631.625
14:13:26.0,15130.542
14:13:27.0,15553.078
14:13:28.0,15771.398
14:13:29.0,15786.347
14:13:30.0,15774.531
14:13:31.0,15780.871
14:13:32.0,15769.984
14:13:33.0,15775.851
14:13:34.0,15774.968
14:13:35.0,15777.863
14:13:36.0,15769.828
14:13:37.0,15782.402
14:13:38.0,15766.773
14:13:39.0,15779.957
14:13:40.0,15765.621
14:13:41.0,15770.378
14:13:42.0,15774.648
14:13:43.0,15779.636
14:13:44.0,15765.316
14:13:45.0,15770.125
14:13:46.0,15765.546
14:13:47.0,15781.195
14:13:48.0,15775.476
14:13:49.0,15769.492
14:13:50.0,15778.156
14:13:51.0,15763.789
14:13:52.0,15784.765
14:13:53.0,15791.183
14:13:54.0,15772.859
14:13:55.0,15780.062
14:13:56.0,15770.542
14:13:57.0,15778.445
14:13:58.0,15768.937
14:13:59.0,15776.355
14:14:00.0,15767.488
14:14:01.0,15774.324
14:14:02.0,15765.16
14:14:03.0,15771.101
14:14:04.0,15778.789
14:14:05.0,15768.652
14:14:06.0,15776.878
14:14:07.0,15766.988
14:14:08.0,15774.847
14:14:09.0,15764.839
14:14:10.0,15772.906
14:14:11.0,15780.125
14:14:12.0,15770.546
14:14:13.0,15778.542
14:14:14.0,15767.843
14:14:15.0,15775.328
14:14:16.0,15775.64
14:14:17.0,15780.593
14:14:18.0,15780.898
14:14:19.0,15777.476
14:14:20.0,15776.175
14:14:21.0,15776.207
14:14:22.0,15775.808
14:14:23.0,15776.433
14:14:24.0,15780.55
14:14:25.0,15779.183
14:14:26.0,15779.554
14:14:27.0,15776.039
14:14:28.0,15775.929
14:14:29.0,15782.0
14:14:30.0,15781.187
14:14:31.0,15781.339
14:14:32.0,15754.035
14:14:33.0,15761.507
14:14:34.0,15768.609
14:14:35.0,15776.496
14:14:36.0,15782.398
14:14:37.0,15756.242
14:14:38.0,15764.187
14:14:39.0,15771.738
14:14:40.0,15779.054
14:14:41.0,15752.675
14:14:42.0,15759.828
14:14:43.0,15767.578
14:14:44.0,15774.667
14:14:45.0,15782.542
14:14:46.0,15782.597
14:14:47.0,15782.683
14:14:48.0,15782.347
14:14:49.0,15782.597
14:14:50.0,15779.531
14:14:51.0,15778.714
14:14:52.0,15768.472
14:14:53.0,15776.503
14:14:54.0,15777.261
14:14:55.0,15777.699
14:14:56.0,15777.8
14:14:57.0,15777.785
14:14:58.0,15776.953
14:14:59.0,15778.105
14:15:00.0,15781.703
14:15:01.0,15782.285
14:15:02.0,15776.222
14:15:03.0,15781.656
14:15:04.0,15756.984
14:15:05.0,15764.55
14:15:06.0,15772.246
14:15:07.0,15779.722
14:15:08.0,15754.957
14:15:09.0,15761.464
14:15:10.0,15769.21
14:15:11.0,15776.722
14:15:12.0,15752.652
14:15:13.0,15760.07
14:15:14.0,15767.304
14:15:15.0,15774.757
14:15:16.0,15782.015
14:15:17.0,15757.574
14:15:18.0,15764.636
14:15:19.0,15772.601
14:15:20.0,15779.75
14:15:21.0,15755.832
14:15:22.0,15763.488
14:15:23.0,15771.39
14:15:24.0,15778.66
14:15:25.0,15755.468
14:15:26.0,15762.855
14:15:27.0,15770.363
14:15:28.0,15778.082
14:15:29.0,15755.257
14:15:30.0,15765.054
14:15:31.0,15776.671
14:15:32.0,15756.007
14:15:33.0,15767.121
14:15:34.0,15778.777
14:15:35.0,15759.363
14:15:36.0,15771.359
14:15:37.0,15752.402
14:15:38.0,15763.097
14:15:39.0,15774.296
14:15:40.0,15755.675
14:15:41.0,15765.183
14:15:42.0,15776.57
14:15:43.0,15758.296
14:15:44.0,15769.07
14:15:45.0,15780.734
14:15:46.0,15761.585
14:15:47.0,15772.492
14:15:48.0,15753.554
14:15:49.0,15764.398
14:15:50.0,15776.476
14:15:51.0,15755.906
14:15:52.0,15767.621
14:15:53.0,15779.765
14:15:54.0,15760.5
14:15:55.0,15771.511
14:15:56.0,15752.351
14:15:57.0,15763.789
14:15:58.0,15775.296
14:15:59.0,15756.738
14:16:00.0,15767.617
14:16:01.0,15778.109
14:16:02.0,15759.054
14:16:03.0,15770.988
14:16:04.0,15776.656
14:16:05.0,15758.191
14:16:06.0,15769.39
14:16:07.0,15780.984
14:16:08.0,15762.078
14:16:09.0,15773.953
14:16:10.0,15755.007
14:16:11.0,15766.0
14:16:12.0,15776.417
14:16:13.0,15758.128
14:16:14.0,15764.007
14:16:15.0,15775.578
14:16:16.0,15757.96
14:16:17.0,15769.562
14:16:18.0,15780.371
14:16:19.0,15761.515
14:16:20.0,15772.984
14:16:21.0,15754.601
14:16:22.0,15765.054
14:16:23.0,15776.39
14:16:24.0,15758.14
14:16:25.0,15769.636
14:16:26.0,15752.273
14:16:27.0,15762.832
14:16:28.0,15774.824
14:16:29.0,15755.804
14:16:30.0,15767.429
14:16:31.0,15779.542
14:16:32.0,15761.183
14:16:33.0,15771.714
14:16:34.0,15754.152
14:16:35.0,15765.449
14:16:36.0,15776.625
14:16:37.0,15758.605
14:16:38.0,15769.562
14:16:39.0,15752.949
14:16:40.0,15763.234
14:16:41.0,15775.195
14:16:42.0,15757.425
14:16:43.0,15767.597
14:16:44.0,15778.585
14:16:45.0,15761.042
14:16:46.0,15772.093
14:16:47.0,15754.722
14:16:48.0,15766.707
14:16:49.0,15778.238
14:16:50.0,15759.89
14:16:51.0,15771.394
14:16:52.0,15753.906
14:16:53.0,15765.066
14:16:54.0,15775.414
14:16:55.0,15757.289
14:16:56.0,15768.402
14:16:57.0,15779.617
14:16:58.0,15761.117
14:16:59.0,15772.593
14:17:00.0,15754.816
14:17:01.0,15769.187
14:17:02.0,15780.296
14:17:03.0,15762.98
14:17:04.0,15772.542
14:17:05.0,15755.898
14:17:06.0,15767.492
14:17:07.0,15778.96
14:17:08.0,15761.855
14:17:09.0,15773.308
14:17:10.0,15756.207
14:17:11.0,15766.972
14:17:12.0,15779.089
14:17:13.0,15762.246
14:17:14.0,15773.292
14:17:15.0,15755.945
14:17:16.0,15762.195
14:17:17.0,15773.695
14:17:18.0,15758.105
14:17:19.0,15768.941
14:17:20.0,15780.445
14:17:21.0,15763.812
14:17:22.0,15774.523
14:17:23.0,15758.179
14:17:24.0,15769.14
14:17:25.0,15780.218
14:17:26.0,15776.8
14:17:27.0,15781.597
14:17:28.0,15780.523
14:17:29.0,15780.753
14:17:30.0,15778.207
14:17:31.0,15777.917
14:17:32.0,15782.566
14:17:33.0,15781.093
14:17:34.0,15780.675
14:17:35.0,15778.738
14:17:36.0,15778.285
14:17:37.0,15760.054
14:17:38.0,15771.921
14:17:39.0,15782.792
14:17:40.0,15780.703
14:17:41.0,15778.855
14:17:42.0,15779.281
14:17:43.0,15777.464
14:17:44.0,15782.523
14:17:45.0,15780.949
14:17:46.0,15771.894
14:17:47.0,15782.55
14:17:48.0,15767.476
14:17:49.0,15778.613
14:17:50.0,15763.242
14:17:51.0,15773.972
14:17:52.0,15757.785
14:17:53.0,15768.921
14:17:54.0,15780.988
14:17:55.0,15765.503
14:17:56.0,15777.195
14:17:57.0,15760.085
14:17:58.0,15771.046
14:17:59.0,15756.515
14:18:00.0,15770.847
14:18:01.0,15759.347
14:18:02.0,15774.851
14:18:03.0,15763.402
14:18:04.0,15778.421
14:18:05.0,15766.656
14:18:06.0,15781.003
14:18:07.0,15769.351
14:18:08.0,15755.531
14:18:09.0,15770.976
14:18:10.0,15758.785
14:18:11.0,15774.57
14:18:12.0,15760.285
14:18:13.0,15774.789
14:18:14.0,15761.464
14:18:15.0,15776.019
14:18:16.0,15763.378
14:18:17.0,15778.078
14:18:18.0,15764.878
14:18:19.0,15777.984
14:18:20.0,15765.167
14:18:21.0,15779.203
14:18:22.0,15765.503
14:18:23.0,15778.476
14:18:24.0,15763.765
14:18:25.0,15778.039
14:18:26.0,15762.718
14:18:27.0,15770.953
14:18:28.0,15758.117
14:18:29.0,15769.8
14:18:30.0,15755.847
14:18:31.0,15767.23
14:18:32.0,15778.183
14:18:33.0,15764.472
14:18:34.0,15775.738
14:18:35.0,15758.652
14:18:36.0,15767.183
14:18:37.0,15770.285
14:18:38.0,15779.273
14:18:39.0,15762.433
14:18:40.0,15770.878
14:18:41.0,15780.14
14:18:42.0,15763.292
14:18:43.0,15771.929
14:18:44.0,15780.73
14:18:45.0,15763.05
14:18:46.0,15767.476
14:18:47.0,15767.687
14:18:48.0,15767.562
14:18:49.0,15767.437
14:18:50.0,15767.437
14:18:51.0,15767.453
14:18:52.0,15767.437
14:18:53.0,15767.437
14:18:54.0,15767.437
14:18:55.0,15767.437
14:18:56.0,15767.437
14:18:57.0,15767.437
14:18:58.0,15767.437
14:18:59.0,15767.437
14:19:00.0,15767.437
14:19:01.0,15767.437
14:19:02.0,15767.437
14:19:03.0,15767.437
14:19:04.0,15767.437
14:19:05.0,15767.437
14:19:06.0,15767.437
14:19:07.0,15767.437
14:19:08.0,15767.437
14:19:09.0,15767.437
14:19:10.0,15767.437
14:19:11.0,15767.421
14:19:12.0,15767.421
14:19:13.0,14494.632
14:19:14.0,14494.476
14:19:15.0,14494.476
14:19:16.0,14494.445
14:19:17.0,14494.445
14:19:18.0,14494.429
14:19:19.0,14494.429
14:19:20.0,14494.55
14:19:21.0,14494.55
14:19:22.0,14494.55
14:19:23.0,14494.55
14:19:24.0,14494.55
14:19:25.0,14494.55
14:19:26.0,14494.55
14:19:27.0,14494.582
14:19:28.0,14494.582
14:19:29.0,14494.55
14:19:30.0,14494.55
14:19:31.0,14494.55
14:19:32.0,14494.55
14:19:33.0,14494.55
14:19:34.0,14494.55
14:19:35.0,14494.55
14:19:36.0,14494.55
14:19:37.0,14494.55
14:19:38.0,14494.55
14:19:39.0,14494.55
14:19:40.0,14494.55
14:19:41.0,14494.55
14:19:42.0,14494.703
14:19:43.0,14494.703
14:19:44.0,14494.703
14:19:45.0,14494.703
14:19:46.0,14494.703
14:19:47.0,14494.703
14:19:48.0,14494.703
14:19:49.0,14494.703
14:19:50.0,14494.703
14:19:51.0,14494.703
14:19:52.0,14494.703
14:19:53.0,14494.703
14:19:54.0,14494.703
14:19:55.0,14494.718
14:19:56.0,14494.718
14:19:57.0,14494.718
14:19:58.0,14494.718
14:19:59.0,14494.718
14:20:00.0,14494.718
14:20:01.0,14494.718
14:20:02.0,14494.718
14:20:03.0,14494.718
14:20:04.0,14494.718
14:20:05.0,14494.718
14:20:06.0,14494.718
14:20:07.0,14494.839
14:20:08.0,14494.839
14:20:09.0,14494.839
14:20:10.0,14494.839
14:20:11.0,14494.839
14:20:12.0,14494.839
14:20:13.0,14494.839
14:20:14.0,14494.839
14:20:15.0,14494.839
14:20:16.0,14494.839
14:20:17.0,14494.839
14:20:18.0,14494.839
14:20:19.0,14494.839
14:20:20.0,14494.839
14:20:21.0,14494.839
14:20:22.0,14494.839
14:20:23.0,14494.839
14:20:24.0,14494.824
14:20:25.0,14494.824
14:20:26.0,14494.824
14:20:27.0,14494.855
14:20:28.0,14495.007
14:20:29.0,14494.992
14:20:30.0,14494.96
14:20:31.0,14494.976
14:20:32.0,14494.898
14:20:33.0,14494.898
